-- MIS Barangay Database Backup
-- Generated: 2026-03-12 13:00:11
-- By: Ersel Magbanua
-- Database: php_mis_brgy
-- -----------------------------------------------

SET FOREIGN_KEY_CHECKS=0;

-- Table: `backups`
DROP TABLE IF EXISTS `backups`;
CREATE TABLE `backups` (
  `id` int NOT NULL AUTO_INCREMENT,
  `filename` varchar(255) NOT NULL,
  `file_size` bigint unsigned NOT NULL DEFAULT '0',
  `description` varchar(255) DEFAULT 'Manual Backup',
  `performed_by` int NOT NULL,
  `performed_by_name` varchar(255) NOT NULL,
  `created_at` timestamp NULL DEFAULT CURRENT_TIMESTAMP,
  PRIMARY KEY (`id`),
  KEY `idx_performed_by` (`performed_by`),
  KEY `idx_created_at` (`created_at`),
  CONSTRAINT `backups_ibfk_1` FOREIGN KEY (`performed_by`) REFERENCES `users` (`id`) ON DELETE RESTRICT
) ENGINE=InnoDB AUTO_INCREMENT=4 DEFAULT CHARSET=utf8mb4 COLLATE=utf8mb4_0900_ai_ci;

INSERT INTO `backups` VALUES
('1', 'backup_2026-03-12_12-59-40_1.sql', '103468', 'Manual Backup', '1', 'Ersel Magbanua', '2026-03-12 19:59:40'),
('2', 'backup_2026-03-12_12-59-52_1.sql', '103631', 'testing', '1', 'Ersel Magbanua', '2026-03-12 19:59:52'),
('3', 'backup_2026-03-12_13-00-07_1.sql', '103741', 'Manual Backup', '1', 'Ersel Magbanua', '2026-03-12 20:00:07');

-- Table: `blotter`
DROP TABLE IF EXISTS `blotter`;
CREATE TABLE `blotter` (
  `id` int NOT NULL AUTO_INCREMENT,
  `case_number` varchar(50) NOT NULL,
  `complainant_name` varchar(255) NOT NULL,
  `complainant_address` text,
  `complainant_contact` varchar(20) DEFAULT NULL,
  `respondent_name` varchar(255) NOT NULL,
  `respondent_address` text,
  `respondent_contact` varchar(20) DEFAULT NULL,
  `incident_date` date NOT NULL,
  `incident_time` time DEFAULT NULL,
  `incident_location` text NOT NULL,
  `incident_description` text NOT NULL,
  `status` enum('pending','under_investigation','resolved','dismissed') DEFAULT 'pending',
  `resolution` text,
  `resolved_date` date DEFAULT NULL,
  `created_by` int NOT NULL,
  `created_at` timestamp NULL DEFAULT CURRENT_TIMESTAMP,
  `updated_at` timestamp NULL DEFAULT CURRENT_TIMESTAMP ON UPDATE CURRENT_TIMESTAMP,
  `archived_at` timestamp NULL DEFAULT NULL,
  PRIMARY KEY (`id`),
  UNIQUE KEY `case_number` (`case_number`),
  KEY `idx_case_number` (`case_number`),
  KEY `idx_status` (`status`),
  KEY `idx_incident_date` (`incident_date`),
  KEY `idx_created_by` (`created_by`),
  KEY `idx_archived_at` (`archived_at`),
  CONSTRAINT `blotter_ibfk_1` FOREIGN KEY (`created_by`) REFERENCES `users` (`id`) ON DELETE RESTRICT
) ENGINE=InnoDB DEFAULT CHARSET=utf8mb4 COLLATE=utf8mb4_0900_ai_ci;

-- Table: `blotter_history`
DROP TABLE IF EXISTS `blotter_history`;
CREATE TABLE `blotter_history` (
  `id` int NOT NULL AUTO_INCREMENT,
  `blotter_id` int NOT NULL,
  `case_number` varchar(50) NOT NULL,
  `action_type` enum('status_changed','updated','created','archived','restored') NOT NULL,
  `old_status` varchar(50) DEFAULT NULL,
  `new_status` varchar(50) DEFAULT NULL,
  `changed_field` varchar(100) DEFAULT NULL,
  `old_value` text,
  `new_value` text,
  `user_id` int NOT NULL,
  `user_name` varchar(255) NOT NULL,
  `notes` text,
  `created_at` timestamp NULL DEFAULT CURRENT_TIMESTAMP,
  PRIMARY KEY (`id`),
  KEY `idx_blotter_id` (`blotter_id`),
  KEY `idx_case_number` (`case_number`),
  KEY `idx_user_id` (`user_id`),
  KEY `idx_action_type` (`action_type`),
  KEY `idx_created_at` (`created_at`),
  CONSTRAINT `blotter_history_ibfk_1` FOREIGN KEY (`blotter_id`) REFERENCES `blotter` (`id`) ON DELETE CASCADE,
  CONSTRAINT `blotter_history_ibfk_2` FOREIGN KEY (`user_id`) REFERENCES `users` (`id`) ON DELETE RESTRICT
) ENGINE=InnoDB DEFAULT CHARSET=utf8mb4 COLLATE=utf8mb4_0900_ai_ci;

-- Table: `certificate_request`
DROP TABLE IF EXISTS `certificate_request`;
CREATE TABLE `certificate_request` (
  `id` int NOT NULL AUTO_INCREMENT,
  `resident_id` int unsigned NOT NULL,
  `certificate_type` varchar(100) NOT NULL,
  `purpose` varchar(255) NOT NULL,
  `issued_by` int NOT NULL,
  `status` varchar(50) DEFAULT 'Pending',
  `requested_at` datetime DEFAULT CURRENT_TIMESTAMP,
  PRIMARY KEY (`id`),
  KEY `resident_id` (`resident_id`),
  CONSTRAINT `certificate_request_ibfk_1` FOREIGN KEY (`resident_id`) REFERENCES `residents` (`id`) ON DELETE CASCADE
) ENGINE=InnoDB AUTO_INCREMENT=2 DEFAULT CHARSET=utf8mb4 COLLATE=utf8mb4_0900_ai_ci;

INSERT INTO `certificate_request` VALUES
('1', '6', 'Barangay Clearance', 'School', '1', 'Printed', '2026-03-12 19:07:22');

-- Table: `consultations`
DROP TABLE IF EXISTS `consultations`;
CREATE TABLE `consultations` (
  `id` int unsigned NOT NULL AUTO_INCREMENT,
  `resident_id` int unsigned NOT NULL,
  `complaint` text NOT NULL,
  `diagnosis` text,
  `treatment` text,
  `notes` text,
  `consultation_date` date NOT NULL,
  `created_at` timestamp NULL DEFAULT CURRENT_TIMESTAMP,
  `updated_at` timestamp NULL DEFAULT CURRENT_TIMESTAMP ON UPDATE CURRENT_TIMESTAMP,
  PRIMARY KEY (`id`),
  KEY `idx_resident_id` (`resident_id`),
  KEY `idx_consultation_date` (`consultation_date`),
  CONSTRAINT `fk_consultations_resident` FOREIGN KEY (`resident_id`) REFERENCES `residents` (`id`) ON DELETE RESTRICT ON UPDATE CASCADE
) ENGINE=InnoDB AUTO_INCREMENT=101 DEFAULT CHARSET=utf8mb4 COLLATE=utf8mb4_0900_ai_ci;

INSERT INTO `consultations` VALUES
('1', '98', 'Fever', 'Viral Infection', NULL, NULL, '2023-05-31', '2026-03-09 23:43:07', '2026-03-09 23:43:07'),
('2', '79', 'Fever', 'Viral Infection', NULL, NULL, '2024-05-31', '2026-03-09 23:43:07', '2026-03-09 23:43:07'),
('3', '32', 'Fever', 'Viral Infection', NULL, NULL, '2024-12-02', '2026-03-09 23:43:07', '2026-03-09 23:43:07'),
('4', '78', 'Fever', 'Viral Infection', NULL, NULL, '2024-05-25', '2026-03-09 23:43:07', '2026-03-09 23:43:07'),
('5', '32', 'Fever', 'Viral Infection', NULL, NULL, '2024-08-26', '2026-03-09 23:43:07', '2026-03-09 23:43:07'),
('6', '37', 'Fever', 'Viral Infection', NULL, NULL, '2024-12-02', '2026-03-09 23:43:07', '2026-03-09 23:43:07'),
('7', '55', 'Fever', 'Viral Infection', NULL, NULL, '2023-06-19', '2026-03-09 23:43:07', '2026-03-09 23:43:07'),
('8', '87', 'Fever', 'Viral Infection', NULL, NULL, '2024-06-09', '2026-03-09 23:43:07', '2026-03-09 23:43:07'),
('9', '77', 'Fever', 'Viral Infection', NULL, NULL, '2024-08-01', '2026-03-09 23:43:07', '2026-03-09 23:43:07'),
('10', '4', 'Fever', 'Viral Infection', NULL, NULL, '2024-03-12', '2026-03-09 23:43:07', '2026-03-09 23:43:07'),
('11', '86', 'Fever', 'Viral Infection', NULL, NULL, '2023-07-31', '2026-03-09 23:43:07', '2026-03-09 23:43:07'),
('12', '36', 'Fever', 'Viral Infection', NULL, NULL, '2023-01-28', '2026-03-09 23:43:07', '2026-03-09 23:43:07'),
('13', '61', 'Fever', 'Viral Infection', NULL, NULL, '2024-12-21', '2026-03-09 23:43:07', '2026-03-09 23:43:07'),
('14', '36', 'Fever', 'Viral Infection', NULL, NULL, '2023-05-23', '2026-03-09 23:43:07', '2026-03-09 23:43:07'),
('15', '26', 'Fever', 'Viral Infection', NULL, NULL, '2023-07-31', '2026-03-09 23:43:07', '2026-03-09 23:43:07'),
('16', '86', 'Fever', 'Viral Infection', NULL, NULL, '2024-08-24', '2026-03-09 23:43:07', '2026-03-09 23:43:07'),
('17', '71', 'Fever', 'Viral Infection', NULL, NULL, '2023-11-14', '2026-03-09 23:43:07', '2026-03-09 23:43:07'),
('18', '93', 'Fever', 'Viral Infection', NULL, NULL, '2024-03-28', '2026-03-09 23:43:07', '2026-03-09 23:43:07'),
('19', '50', 'Fever', 'Viral Infection', NULL, NULL, '2024-09-07', '2026-03-09 23:43:07', '2026-03-09 23:43:07'),
('20', '25', 'Fever', 'Viral Infection', NULL, NULL, '2024-07-31', '2026-03-09 23:43:07', '2026-03-09 23:43:07'),
('21', '78', 'Fever', 'Viral Infection', NULL, NULL, '2023-06-26', '2026-03-09 23:43:07', '2026-03-09 23:43:07'),
('22', '77', 'Fever', 'Viral Infection', NULL, NULL, '2023-09-02', '2026-03-09 23:43:07', '2026-03-09 23:43:07'),
('23', '2', 'Fever', 'Viral Infection', NULL, NULL, '2024-04-05', '2026-03-09 23:43:07', '2026-03-09 23:43:07'),
('24', '34', 'Fever', 'Viral Infection', NULL, NULL, '2024-09-16', '2026-03-09 23:43:07', '2026-03-09 23:43:07'),
('25', '49', 'Fever', 'Viral Infection', NULL, NULL, '2023-02-22', '2026-03-09 23:43:07', '2026-03-09 23:43:07'),
('26', '63', 'Fever', 'Viral Infection', NULL, NULL, '2024-11-30', '2026-03-09 23:43:07', '2026-03-09 23:43:07'),
('27', '95', 'Fever', 'Viral Infection', NULL, NULL, '2023-06-19', '2026-03-09 23:43:07', '2026-03-09 23:43:07'),
('28', '68', 'Fever', 'Viral Infection', NULL, NULL, '2023-12-26', '2026-03-09 23:43:07', '2026-03-09 23:43:07'),
('29', '15', 'Fever', 'Viral Infection', NULL, NULL, '2024-02-28', '2026-03-09 23:43:07', '2026-03-09 23:43:07'),
('30', '30', 'Fever', 'Viral Infection', NULL, NULL, '2024-07-28', '2026-03-09 23:43:07', '2026-03-09 23:43:07'),
('31', '62', 'Fever', 'Viral Infection', NULL, NULL, '2024-02-04', '2026-03-09 23:43:07', '2026-03-09 23:43:07'),
('32', '23', 'Fever', 'Viral Infection', NULL, NULL, '2024-08-24', '2026-03-09 23:43:07', '2026-03-09 23:43:07'),
('33', '75', 'Fever', 'Viral Infection', NULL, NULL, '2023-01-10', '2026-03-09 23:43:07', '2026-03-09 23:43:07'),
('34', '85', 'Fever', 'Viral Infection', NULL, NULL, '2023-06-20', '2026-03-09 23:43:07', '2026-03-09 23:43:07'),
('35', '90', 'Fever', 'Viral Infection', NULL, NULL, '2023-03-14', '2026-03-09 23:43:07', '2026-03-09 23:43:07'),
('36', '84', 'Fever', 'Viral Infection', NULL, NULL, '2023-02-15', '2026-03-09 23:43:07', '2026-03-09 23:43:07'),
('37', '31', 'Fever', 'Viral Infection', NULL, NULL, '2024-05-09', '2026-03-09 23:43:07', '2026-03-09 23:43:07'),
('38', '86', 'Fever', 'Viral Infection', NULL, NULL, '2023-02-19', '2026-03-09 23:43:07', '2026-03-09 23:43:07'),
('39', '58', 'Fever', 'Viral Infection', NULL, NULL, '2024-08-03', '2026-03-09 23:43:07', '2026-03-09 23:43:07'),
('40', '52', 'Fever', 'Viral Infection', NULL, NULL, '2023-01-06', '2026-03-09 23:43:07', '2026-03-09 23:43:07'),
('41', '28', 'Fever', 'Viral Infection', NULL, NULL, '2024-03-09', '2026-03-09 23:43:07', '2026-03-09 23:43:07'),
('42', '23', 'Fever', 'Viral Infection', NULL, NULL, '2023-04-24', '2026-03-09 23:43:07', '2026-03-09 23:43:07'),
('43', '62', 'Fever', 'Viral Infection', NULL, NULL, '2024-09-18', '2026-03-09 23:43:07', '2026-03-09 23:43:07'),
('44', '45', 'Fever', 'Viral Infection', NULL, NULL, '2024-10-17', '2026-03-09 23:43:07', '2026-03-09 23:43:07'),
('45', '21', 'Fever', 'Viral Infection', NULL, NULL, '2024-11-05', '2026-03-09 23:43:07', '2026-03-09 23:43:07'),
('46', '80', 'Fever', 'Viral Infection', NULL, NULL, '2023-05-05', '2026-03-09 23:43:07', '2026-03-09 23:43:07'),
('47', '10', 'Fever', 'Viral Infection', NULL, NULL, '2024-03-23', '2026-03-09 23:43:07', '2026-03-09 23:43:07'),
('48', '10', 'Fever', 'Viral Infection', NULL, NULL, '2023-10-04', '2026-03-09 23:43:07', '2026-03-09 23:43:07'),
('49', '56', 'Fever', 'Viral Infection', NULL, NULL, '2023-12-12', '2026-03-09 23:43:07', '2026-03-09 23:43:07'),
('50', '1', 'Fever', 'Viral Infection', NULL, NULL, '2024-01-14', '2026-03-09 23:43:07', '2026-03-09 23:43:07'),
('51', '17', 'Fever', 'Viral Infection', NULL, NULL, '2024-05-18', '2026-03-09 23:43:07', '2026-03-09 23:43:07'),
('52', '99', 'Fever', 'Viral Infection', NULL, NULL, '2023-03-25', '2026-03-09 23:43:07', '2026-03-09 23:43:07'),
('53', '76', 'Fever', 'Viral Infection', NULL, NULL, '2024-02-21', '2026-03-09 23:43:07', '2026-03-09 23:43:07'),
('54', '61', 'Fever', 'Viral Infection', NULL, NULL, '2024-04-13', '2026-03-09 23:43:07', '2026-03-09 23:43:07'),
('55', '39', 'Fever', 'Viral Infection', NULL, NULL, '2023-06-01', '2026-03-09 23:43:07', '2026-03-09 23:43:07'),
('56', '97', 'Fever', 'Viral Infection', NULL, NULL, '2024-05-01', '2026-03-09 23:43:07', '2026-03-09 23:43:07'),
('57', '21', 'Fever', 'Viral Infection', NULL, NULL, '2023-05-28', '2026-03-09 23:43:07', '2026-03-09 23:43:07'),
('58', '73', 'Fever', 'Viral Infection', NULL, NULL, '2024-05-08', '2026-03-09 23:43:07', '2026-03-09 23:43:07'),
('59', '60', 'Fever', 'Viral Infection', NULL, NULL, '2024-10-03', '2026-03-09 23:43:07', '2026-03-09 23:43:07'),
('60', '99', 'Fever', 'Viral Infection', NULL, NULL, '2024-05-01', '2026-03-09 23:43:07', '2026-03-09 23:43:07'),
('61', '61', 'Fever', 'Viral Infection', NULL, NULL, '2024-10-10', '2026-03-09 23:43:07', '2026-03-09 23:43:07'),
('62', '85', 'Fever', 'Viral Infection', NULL, NULL, '2024-03-26', '2026-03-09 23:43:07', '2026-03-09 23:43:07'),
('63', '91', 'Fever', 'Viral Infection', NULL, NULL, '2023-09-04', '2026-03-09 23:43:07', '2026-03-09 23:43:07'),
('64', '78', 'Fever', 'Viral Infection', NULL, NULL, '2023-06-18', '2026-03-09 23:43:07', '2026-03-09 23:43:07'),
('65', '46', 'Fever', 'Viral Infection', NULL, NULL, '2024-12-06', '2026-03-09 23:43:07', '2026-03-09 23:43:07'),
('66', '20', 'Fever', 'Viral Infection', NULL, NULL, '2023-10-17', '2026-03-09 23:43:07', '2026-03-09 23:43:07'),
('67', '5', 'Fever', 'Viral Infection', NULL, NULL, '2024-11-28', '2026-03-09 23:43:07', '2026-03-09 23:43:07'),
('68', '18', 'Fever', 'Viral Infection', NULL, NULL, '2024-08-09', '2026-03-09 23:43:07', '2026-03-09 23:43:07'),
('69', '78', 'Fever', 'Viral Infection', NULL, NULL, '2024-03-17', '2026-03-09 23:43:07', '2026-03-09 23:43:07'),
('70', '43', 'Fever', 'Viral Infection', NULL, NULL, '2023-11-14', '2026-03-09 23:43:07', '2026-03-09 23:43:07'),
('71', '37', 'Fever', 'Viral Infection', NULL, NULL, '2024-11-02', '2026-03-09 23:43:07', '2026-03-09 23:43:07'),
('72', '94', 'Fever', 'Viral Infection', NULL, NULL, '2023-04-23', '2026-03-09 23:43:07', '2026-03-09 23:43:07'),
('73', '4', 'Fever', 'Viral Infection', NULL, NULL, '2024-01-14', '2026-03-09 23:43:07', '2026-03-09 23:43:07'),
('74', '65', 'Fever', 'Viral Infection', NULL, NULL, '2024-11-23', '2026-03-09 23:43:07', '2026-03-09 23:43:07'),
('75', '99', 'Fever', 'Viral Infection', NULL, NULL, '2023-09-15', '2026-03-09 23:43:07', '2026-03-09 23:43:07'),
('76', '53', 'Fever', 'Viral Infection', NULL, NULL, '2023-04-15', '2026-03-09 23:43:07', '2026-03-09 23:43:07'),
('77', '10', 'Fever', 'Viral Infection', NULL, NULL, '2024-03-22', '2026-03-09 23:43:07', '2026-03-09 23:43:07'),
('78', '67', 'Fever', 'Viral Infection', NULL, NULL, '2024-12-21', '2026-03-09 23:43:07', '2026-03-09 23:43:07'),
('79', '20', 'Fever', 'Viral Infection', NULL, NULL, '2024-01-16', '2026-03-09 23:43:07', '2026-03-09 23:43:07'),
('80', '14', 'Fever', 'Viral Infection', NULL, NULL, '2023-03-20', '2026-03-09 23:43:07', '2026-03-09 23:43:07'),
('81', '48', 'Fever', 'Viral Infection', NULL, NULL, '2023-02-26', '2026-03-09 23:43:07', '2026-03-09 23:43:07'),
('82', '87', 'Fever', 'Viral Infection', NULL, NULL, '2024-01-11', '2026-03-09 23:43:07', '2026-03-09 23:43:07'),
('83', '33', 'Fever', 'Viral Infection', NULL, NULL, '2024-08-08', '2026-03-09 23:43:07', '2026-03-09 23:43:07'),
('84', '28', 'Fever', 'Viral Infection', NULL, NULL, '2024-06-08', '2026-03-09 23:43:07', '2026-03-09 23:43:07'),
('85', '68', 'Fever', 'Viral Infection', NULL, NULL, '2023-08-07', '2026-03-09 23:43:07', '2026-03-09 23:43:07'),
('86', '59', 'Fever', 'Viral Infection', NULL, NULL, '2024-04-12', '2026-03-09 23:43:07', '2026-03-09 23:43:07'),
('87', '24', 'Fever', 'Viral Infection', NULL, NULL, '2023-06-22', '2026-03-09 23:43:07', '2026-03-09 23:43:07'),
('88', '65', 'Fever', 'Viral Infection', NULL, NULL, '2023-05-12', '2026-03-09 23:43:07', '2026-03-09 23:43:07'),
('89', '82', 'Fever', 'Viral Infection', NULL, NULL, '2023-08-17', '2026-03-09 23:43:07', '2026-03-09 23:43:07'),
('90', '24', 'Fever', 'Viral Infection', NULL, NULL, '2024-02-16', '2026-03-09 23:43:07', '2026-03-09 23:43:07'),
('91', '87', 'Fever', 'Viral Infection', NULL, NULL, '2023-12-22', '2026-03-09 23:43:07', '2026-03-09 23:43:07'),
('92', '98', 'Fever', 'Viral Infection', NULL, NULL, '2024-05-23', '2026-03-09 23:43:07', '2026-03-09 23:43:07'),
('93', '63', 'Fever', 'Viral Infection', NULL, NULL, '2024-02-19', '2026-03-09 23:43:07', '2026-03-09 23:43:07'),
('94', '35', 'Fever', 'Viral Infection', NULL, NULL, '2023-06-20', '2026-03-09 23:43:07', '2026-03-09 23:43:07'),
('95', '99', 'Fever', 'Viral Infection', NULL, NULL, '2023-06-16', '2026-03-09 23:43:07', '2026-03-09 23:43:07'),
('96', '86', 'Fever', 'Viral Infection', NULL, NULL, '2024-03-28', '2026-03-09 23:43:07', '2026-03-09 23:43:07'),
('97', '98', 'Fever', 'Viral Infection', NULL, NULL, '2023-08-14', '2026-03-09 23:43:07', '2026-03-09 23:43:07'),
('98', '90', 'Fever', 'Viral Infection', NULL, NULL, '2023-03-22', '2026-03-09 23:43:07', '2026-03-09 23:43:07'),
('99', '54', 'Fever', 'Viral Infection', NULL, NULL, '2024-12-18', '2026-03-09 23:43:07', '2026-03-09 23:43:07'),
('100', '82', 'Fever', 'Viral Infection', NULL, NULL, '2024-05-31', '2026-03-09 23:43:07', '2026-03-09 23:43:07');

-- Table: `events`
DROP TABLE IF EXISTS `events`;
CREATE TABLE `events` (
  `id` int NOT NULL AUTO_INCREMENT,
  `event_code` varchar(50) NOT NULL,
  `title` varchar(255) NOT NULL,
  `description` text,
  `event_date` date NOT NULL,
  `event_time` time DEFAULT NULL,
  `location` varchar(255) DEFAULT NULL,
  `priority` enum('normal','important','urgent') DEFAULT 'normal',
  `status` enum('scheduled','completed','cancelled') DEFAULT 'scheduled',
  `created_by` int NOT NULL,
  `created_at` timestamp NULL DEFAULT CURRENT_TIMESTAMP,
  `updated_at` timestamp NULL DEFAULT CURRENT_TIMESTAMP ON UPDATE CURRENT_TIMESTAMP,
  PRIMARY KEY (`id`),
  UNIQUE KEY `event_code` (`event_code`),
  KEY `idx_event_code` (`event_code`),
  KEY `idx_event_date` (`event_date`),
  KEY `idx_status` (`status`),
  KEY `idx_priority` (`priority`),
  KEY `idx_created_by` (`created_by`),
  CONSTRAINT `events_ibfk_1` FOREIGN KEY (`created_by`) REFERENCES `users` (`id`) ON DELETE RESTRICT
) ENGINE=InnoDB AUTO_INCREMENT=3 DEFAULT CHARSET=utf8mb4 COLLATE=utf8mb4_0900_ai_ci;

INSERT INTO `events` VALUES
('1', 'EVT-2026-0001', 'School Schedule', '', '2026-03-14', '07:00:00', 'Morong Rizal', 'important', 'scheduled', '1', '2026-03-12 18:51:29', '2026-03-12 18:51:29'),
('2', 'EVT-2026-0002', 'Thesis Defense', '', '2026-03-28', '08:00:00', 'Morong Rizal', 'important', 'scheduled', '1', '2026-03-12 18:51:55', '2026-03-12 18:51:55');

-- Table: `families`
DROP TABLE IF EXISTS `families`;
CREATE TABLE `families` (
  `id` int unsigned NOT NULL AUTO_INCREMENT,
  `household_id` int unsigned DEFAULT NULL,
  `family_name` varchar(150) NOT NULL,
  `total_members` int DEFAULT '0',
  `created_at` timestamp NULL DEFAULT CURRENT_TIMESTAMP,
  `updated_at` timestamp NULL DEFAULT CURRENT_TIMESTAMP ON UPDATE CURRENT_TIMESTAMP,
  PRIMARY KEY (`id`),
  KEY `fk_family_household` (`household_id`),
  CONSTRAINT `fk_family_household` FOREIGN KEY (`household_id`) REFERENCES `households` (`id`) ON DELETE SET NULL ON UPDATE CASCADE
) ENGINE=InnoDB DEFAULT CHARSET=utf8mb4 COLLATE=utf8mb4_0900_ai_ci;

-- Table: `health_metrics`
DROP TABLE IF EXISTS `health_metrics`;
CREATE TABLE `health_metrics` (
  `id` int unsigned NOT NULL AUTO_INCREMENT,
  `resident_id` int unsigned NOT NULL,
  `weight` decimal(5,2) DEFAULT NULL,
  `height` decimal(5,2) DEFAULT NULL,
  `blood_pressure` varchar(20) DEFAULT NULL,
  `temperature` decimal(4,1) DEFAULT NULL,
  `recorded_at` date NOT NULL,
  `created_at` timestamp NULL DEFAULT CURRENT_TIMESTAMP,
  PRIMARY KEY (`id`),
  KEY `idx_resident_id` (`resident_id`),
  KEY `idx_recorded_at` (`recorded_at`),
  CONSTRAINT `fk_health_metrics_resident` FOREIGN KEY (`resident_id`) REFERENCES `residents` (`id`) ON DELETE RESTRICT ON UPDATE CASCADE
) ENGINE=InnoDB AUTO_INCREMENT=101 DEFAULT CHARSET=utf8mb4 COLLATE=utf8mb4_0900_ai_ci;

INSERT INTO `health_metrics` VALUES
('1', '27', '60.00', '149.00', '116/87', NULL, '2026-03-09', '2026-03-09 23:43:07'),
('2', '87', '46.00', '146.00', '128/88', NULL, '2026-03-09', '2026-03-09 23:43:07'),
('3', '30', '78.00', '180.00', '115/76', NULL, '2026-03-09', '2026-03-09 23:43:07'),
('4', '17', '45.00', '145.00', '116/81', NULL, '2026-03-09', '2026-03-09 23:43:07'),
('5', '7', '53.00', '163.00', '115/80', NULL, '2026-03-09', '2026-03-09 23:43:07'),
('6', '58', '60.00', '152.00', '127/73', NULL, '2026-03-09', '2026-03-09 23:43:07'),
('7', '7', '72.00', '157.00', '116/90', NULL, '2026-03-09', '2026-03-09 23:43:07'),
('8', '34', '61.00', '168.00', '109/84', NULL, '2026-03-09', '2026-03-09 23:43:07'),
('9', '79', '66.00', '158.00', '113/86', NULL, '2026-03-09', '2026-03-09 23:43:07'),
('10', '25', '61.00', '162.00', '128/89', NULL, '2026-03-09', '2026-03-09 23:43:07'),
('11', '35', '56.00', '168.00', '111/71', NULL, '2026-03-09', '2026-03-09 23:43:07'),
('12', '73', '81.00', '170.00', '125/75', NULL, '2026-03-09', '2026-03-09 23:43:07'),
('13', '1', '64.00', '150.00', '116/85', NULL, '2026-03-09', '2026-03-09 23:43:07'),
('14', '58', '75.00', '174.00', '101/71', NULL, '2026-03-09', '2026-03-09 23:43:07'),
('15', '85', '73.00', '171.00', '104/75', NULL, '2026-03-09', '2026-03-09 23:43:07'),
('16', '13', '52.00', '158.00', '111/89', NULL, '2026-03-09', '2026-03-09 23:43:07'),
('17', '38', '63.00', '161.00', '109/85', NULL, '2026-03-09', '2026-03-09 23:43:07'),
('18', '43', '67.00', '145.00', '109/72', NULL, '2026-03-09', '2026-03-09 23:43:07'),
('19', '77', '65.00', '140.00', '123/83', NULL, '2026-03-09', '2026-03-09 23:43:07'),
('20', '62', '75.00', '168.00', '126/90', NULL, '2026-03-09', '2026-03-09 23:43:07'),
('21', '20', '66.00', '180.00', '107/84', NULL, '2026-03-09', '2026-03-09 23:43:07'),
('22', '56', '62.00', '142.00', '128/90', NULL, '2026-03-09', '2026-03-09 23:43:07'),
('23', '12', '63.00', '158.00', '105/88', NULL, '2026-03-09', '2026-03-09 23:43:07'),
('24', '31', '90.00', '160.00', '129/89', NULL, '2026-03-09', '2026-03-09 23:43:07'),
('25', '42', '70.00', '179.00', '107/70', NULL, '2026-03-09', '2026-03-09 23:43:07'),
('26', '69', '51.00', '170.00', '106/75', NULL, '2026-03-09', '2026-03-09 23:43:07'),
('27', '81', '88.00', '169.00', '126/81', NULL, '2026-03-09', '2026-03-09 23:43:07'),
('28', '77', '50.00', '161.00', '130/87', NULL, '2026-03-09', '2026-03-09 23:43:07'),
('29', '63', '68.00', '153.00', '106/81', NULL, '2026-03-09', '2026-03-09 23:43:07'),
('30', '72', '54.00', '176.00', '111/86', NULL, '2026-03-09', '2026-03-09 23:43:07'),
('31', '15', '76.00', '178.00', '125/70', NULL, '2026-03-09', '2026-03-09 23:43:07'),
('32', '25', '58.00', '162.00', '115/72', NULL, '2026-03-09', '2026-03-09 23:43:07'),
('33', '91', '46.00', '144.00', '122/73', NULL, '2026-03-09', '2026-03-09 23:43:07'),
('34', '60', '90.00', '150.00', '108/77', NULL, '2026-03-09', '2026-03-09 23:43:07'),
('35', '70', '78.00', '151.00', '106/86', NULL, '2026-03-09', '2026-03-09 23:43:07'),
('36', '52', '46.00', '179.00', '116/72', NULL, '2026-03-09', '2026-03-09 23:43:07'),
('37', '14', '57.00', '175.00', '123/75', NULL, '2026-03-09', '2026-03-09 23:43:07'),
('38', '39', '61.00', '170.00', '113/81', NULL, '2026-03-09', '2026-03-09 23:43:07'),
('39', '49', '87.00', '170.00', '118/84', NULL, '2026-03-09', '2026-03-09 23:43:07'),
('40', '54', '89.00', '155.00', '103/87', NULL, '2026-03-09', '2026-03-09 23:43:07'),
('41', '25', '78.00', '168.00', '113/76', NULL, '2026-03-09', '2026-03-09 23:43:07'),
('42', '88', '88.00', '155.00', '107/76', NULL, '2026-03-09', '2026-03-09 23:43:07'),
('43', '68', '80.00', '174.00', '102/78', NULL, '2026-03-09', '2026-03-09 23:43:07'),
('44', '7', '69.00', '150.00', '125/82', NULL, '2026-03-09', '2026-03-09 23:43:07'),
('45', '43', '70.00', '145.00', '119/85', NULL, '2026-03-09', '2026-03-09 23:43:07'),
('46', '47', '63.00', '142.00', '108/77', NULL, '2026-03-09', '2026-03-09 23:43:07'),
('47', '52', '57.00', '176.00', '109/77', NULL, '2026-03-09', '2026-03-09 23:43:07'),
('48', '3', '62.00', '147.00', '107/82', NULL, '2026-03-09', '2026-03-09 23:43:07'),
('49', '46', '67.00', '160.00', '104/74', NULL, '2026-03-09', '2026-03-09 23:43:07'),
('50', '19', '55.00', '165.00', '124/90', NULL, '2026-03-09', '2026-03-09 23:43:07'),
('51', '45', '90.00', '177.00', '107/77', NULL, '2026-03-09', '2026-03-09 23:43:07'),
('52', '83', '50.00', '177.00', '115/79', NULL, '2026-03-09', '2026-03-09 23:43:07'),
('53', '66', '87.00', '140.00', '101/71', NULL, '2026-03-09', '2026-03-09 23:43:07'),
('54', '93', '49.00', '165.00', '100/79', NULL, '2026-03-09', '2026-03-09 23:43:07'),
('55', '39', '70.00', '157.00', '105/71', NULL, '2026-03-09', '2026-03-09 23:43:07'),
('56', '74', '73.00', '171.00', '128/81', NULL, '2026-03-09', '2026-03-09 23:43:07'),
('57', '89', '89.00', '140.00', '119/79', NULL, '2026-03-09', '2026-03-09 23:43:07'),
('58', '66', '52.00', '151.00', '116/84', NULL, '2026-03-09', '2026-03-09 23:43:07'),
('59', '10', '58.00', '170.00', '113/75', NULL, '2026-03-09', '2026-03-09 23:43:07'),
('60', '58', '66.00', '170.00', '102/71', NULL, '2026-03-09', '2026-03-09 23:43:07'),
('61', '20', '67.00', '162.00', '125/90', NULL, '2026-03-09', '2026-03-09 23:43:07'),
('62', '91', '59.00', '144.00', '101/90', NULL, '2026-03-09', '2026-03-09 23:43:07'),
('63', '16', '52.00', '156.00', '105/74', NULL, '2026-03-09', '2026-03-09 23:43:07'),
('64', '46', '49.00', '169.00', '105/72', NULL, '2026-03-09', '2026-03-09 23:43:07'),
('65', '49', '84.00', '167.00', '124/84', NULL, '2026-03-09', '2026-03-09 23:43:07'),
('66', '52', '45.00', '143.00', '118/70', NULL, '2026-03-09', '2026-03-09 23:43:07'),
('67', '26', '57.00', '169.00', '129/72', NULL, '2026-03-09', '2026-03-09 23:43:07'),
('68', '91', '77.00', '142.00', '123/89', NULL, '2026-03-09', '2026-03-09 23:43:07'),
('69', '17', '83.00', '180.00', '114/78', NULL, '2026-03-09', '2026-03-09 23:43:07'),
('70', '42', '74.00', '172.00', '105/82', NULL, '2026-03-09', '2026-03-09 23:43:07'),
('71', '89', '80.00', '171.00', '120/81', NULL, '2026-03-09', '2026-03-09 23:43:07'),
('72', '50', '82.00', '153.00', '130/90', NULL, '2026-03-09', '2026-03-09 23:43:07'),
('73', '36', '62.00', '153.00', '101/70', NULL, '2026-03-09', '2026-03-09 23:43:07'),
('74', '57', '90.00', '151.00', '111/88', NULL, '2026-03-09', '2026-03-09 23:43:07'),
('75', '3', '49.00', '148.00', '119/90', NULL, '2026-03-09', '2026-03-09 23:43:07'),
('76', '87', '49.00', '177.00', '105/79', NULL, '2026-03-09', '2026-03-09 23:43:07'),
('77', '94', '82.00', '171.00', '105/76', NULL, '2026-03-09', '2026-03-09 23:43:07'),
('78', '68', '48.00', '148.00', '129/77', NULL, '2026-03-09', '2026-03-09 23:43:07'),
('79', '99', '54.00', '179.00', '115/84', NULL, '2026-03-09', '2026-03-09 23:43:07'),
('80', '99', '82.00', '159.00', '124/86', NULL, '2026-03-09', '2026-03-09 23:43:07'),
('81', '67', '50.00', '164.00', '108/72', NULL, '2026-03-09', '2026-03-09 23:43:07'),
('82', '15', '51.00', '179.00', '106/71', NULL, '2026-03-09', '2026-03-09 23:43:07'),
('83', '20', '52.00', '149.00', '121/81', NULL, '2026-03-09', '2026-03-09 23:43:07'),
('84', '40', '75.00', '151.00', '125/70', NULL, '2026-03-09', '2026-03-09 23:43:07'),
('85', '7', '80.00', '146.00', '104/74', NULL, '2026-03-09', '2026-03-09 23:43:07'),
('86', '97', '84.00', '164.00', '126/70', NULL, '2026-03-09', '2026-03-09 23:43:07'),
('87', '33', '74.00', '162.00', '115/72', NULL, '2026-03-09', '2026-03-09 23:43:07'),
('88', '60', '79.00', '148.00', '111/70', NULL, '2026-03-09', '2026-03-09 23:43:07'),
('89', '36', '88.00', '180.00', '118/78', NULL, '2026-03-09', '2026-03-09 23:43:07'),
('90', '89', '67.00', '157.00', '101/74', NULL, '2026-03-09', '2026-03-09 23:43:07'),
('91', '17', '70.00', '163.00', '105/85', NULL, '2026-03-09', '2026-03-09 23:43:07'),
('92', '79', '78.00', '149.00', '111/82', NULL, '2026-03-09', '2026-03-09 23:43:07'),
('93', '47', '82.00', '166.00', '125/76', NULL, '2026-03-09', '2026-03-09 23:43:07'),
('94', '96', '81.00', '161.00', '102/90', NULL, '2026-03-09', '2026-03-09 23:43:07'),
('95', '46', '64.00', '161.00', '117/77', NULL, '2026-03-09', '2026-03-09 23:43:07'),
('96', '65', '45.00', '180.00', '105/90', NULL, '2026-03-09', '2026-03-09 23:43:07'),
('97', '28', '61.00', '158.00', '123/85', NULL, '2026-03-09', '2026-03-09 23:43:07'),
('98', '60', '68.00', '146.00', '111/77', NULL, '2026-03-09', '2026-03-09 23:43:07'),
('99', '84', '51.00', '162.00', '107/82', NULL, '2026-03-09', '2026-03-09 23:43:07'),
('100', '71', '65.00', '165.00', '106/79', NULL, '2026-03-09', '2026-03-09 23:43:07');

-- Table: `households`
DROP TABLE IF EXISTS `households`;
CREATE TABLE `households` (
  `id` int unsigned NOT NULL AUTO_INCREMENT,
  `household_no` varchar(100) NOT NULL,
  `address` varchar(255) NOT NULL,
  `head_id` int NOT NULL,
  `head_name` varchar(150) NOT NULL,
  `total_members` int DEFAULT '0',
  `created_at` timestamp NULL DEFAULT CURRENT_TIMESTAMP,
  `updated_at` timestamp NULL DEFAULT CURRENT_TIMESTAMP ON UPDATE CURRENT_TIMESTAMP,
  PRIMARY KEY (`id`),
  UNIQUE KEY `household_no` (`household_no`)
) ENGINE=InnoDB AUTO_INCREMENT=101 DEFAULT CHARSET=utf8mb4 COLLATE=utf8mb4_0900_ai_ci;

INSERT INTO `households` VALUES
('1', 'H-1', 'Barangay Bombongan Purok 5', '91', 'Mark Garcia', '0', '2026-03-09 23:43:07', '2026-03-09 23:43:07'),
('2', 'H-2', 'Barangay Bombongan Purok 5', '84', 'Maria Dela Cruz', '0', '2026-03-09 23:43:07', '2026-03-09 23:43:07'),
('3', 'H-3', 'Barangay Bombongan Purok 5', '51', 'Carla Lopez', '0', '2026-03-09 23:43:07', '2026-03-09 23:43:07'),
('4', 'H-4', 'Barangay Bombongan Purok 2', '80', 'Liza Diaz', '0', '2026-03-09 23:43:07', '2026-03-09 23:43:07'),
('5', 'H-5', 'Barangay Bombongan Purok 5', '63', 'Luis Rizal', '0', '2026-03-09 23:43:07', '2026-03-09 23:43:07'),
('6', 'H-6', 'Barangay Bombongan Purok 7', '64', 'Ramon Diaz', '0', '2026-03-09 23:43:07', '2026-03-09 23:43:07'),
('7', 'H-7', 'Barangay Bombongan Purok 6', '41', 'Liza Mendoza', '0', '2026-03-09 23:43:07', '2026-03-09 23:43:07'),
('8', 'H-8', 'Barangay Bombongan Purok 5', '87', 'Ana Reyes', '0', '2026-03-09 23:43:07', '2026-03-09 23:43:07'),
('9', 'H-9', 'Barangay Bombongan Purok 4', '27', 'Carla Torres', '0', '2026-03-09 23:43:07', '2026-03-09 23:43:07'),
('10', 'H-10', 'Barangay Bombongan Purok 1', '6', 'Carla Torres', '0', '2026-03-09 23:43:07', '2026-03-09 23:44:54'),
('11', 'H-11', 'Barangay Bombongan Purok 7', '49', 'Juan Santos', '0', '2026-03-09 23:43:07', '2026-03-09 23:43:07'),
('12', 'H-12', 'Barangay Bombongan Purok 7', '79', 'Ana Reyes', '0', '2026-03-09 23:43:07', '2026-03-09 23:43:07'),
('13', 'H-13', 'Barangay Bombongan Purok 7', '80', 'Maria Rizal', '0', '2026-03-09 23:43:07', '2026-03-09 23:43:07'),
('14', 'H-14', 'Barangay Bombongan Purok 4', '68', 'Liza Lopez', '0', '2026-03-09 23:43:07', '2026-03-09 23:43:07'),
('15', 'H-15', 'Barangay Bombongan Purok 7', '68', 'Ramon Dela Cruz', '0', '2026-03-09 23:43:07', '2026-03-09 23:43:07'),
('16', 'H-16', 'Barangay Bombongan Purok 5', '53', 'Ana Reyes', '0', '2026-03-09 23:43:07', '2026-03-09 23:43:07'),
('17', 'H-17', 'Barangay Bombongan Purok 3', '45', 'Mark Dela Cruz', '0', '2026-03-09 23:43:07', '2026-03-09 23:43:07'),
('18', 'H-18', 'Barangay Bombongan Purok 4', '98', 'Liza Lopez', '0', '2026-03-09 23:43:07', '2026-03-09 23:43:07'),
('19', 'H-19', 'Barangay Bombongan Purok 5', '20', 'Juan Garcia', '0', '2026-03-09 23:43:07', '2026-03-09 23:43:07'),
('20', 'H-20', 'Barangay Bombongan Purok 2', '21', 'Liza Reyes', '0', '2026-03-09 23:43:07', '2026-03-09 23:43:07'),
('21', 'H-21', 'Barangay Bombongan Purok 7', '63', 'Maria Rizal', '0', '2026-03-09 23:43:07', '2026-03-09 23:43:07'),
('22', 'H-22', 'Barangay Bombongan Purok 3', '23', 'Maria Torres', '0', '2026-03-09 23:43:07', '2026-03-09 23:43:07'),
('23', 'H-23', 'Barangay Bombongan Purok 2', '23', 'Pedro Dela Cruz', '0', '2026-03-09 23:43:07', '2026-03-09 23:43:07'),
('24', 'H-24', 'Barangay Bombongan Purok 5', '40', 'Jose Garcia', '0', '2026-03-09 23:43:07', '2026-03-09 23:43:07'),
('25', 'H-25', 'Barangay Bombongan Purok 5', '16', 'Mark Diaz', '0', '2026-03-09 23:43:07', '2026-03-09 23:43:07'),
('26', 'H-26', 'Barangay Bombongan Purok 4', '84', 'Maria Rizal', '0', '2026-03-09 23:43:07', '2026-03-09 23:43:07'),
('27', 'H-27', 'Barangay Bombongan Purok 6', '26', 'Pedro Reyes', '0', '2026-03-09 23:43:07', '2026-03-09 23:43:07'),
('28', 'H-28', 'Barangay Bombongan Purok 7', '17', 'Mark Lopez', '0', '2026-03-09 23:43:07', '2026-03-09 23:43:07'),
('29', 'H-29', 'Barangay Bombongan Purok 6', '34', 'Pedro Rizal', '0', '2026-03-09 23:43:07', '2026-03-09 23:43:07'),
('30', 'H-30', 'Barangay Bombongan Purok 1', '83', 'Luis Reyes', '0', '2026-03-09 23:43:07', '2026-03-09 23:43:07'),
('31', 'H-31', 'Barangay Bombongan Purok 6', '87', 'Maria Torres', '0', '2026-03-09 23:43:07', '2026-03-09 23:43:07'),
('32', 'H-32', 'Barangay Bombongan Purok 6', '62', 'Jose Garcia', '0', '2026-03-09 23:43:07', '2026-03-09 23:43:07'),
('33', 'H-33', 'Barangay Bombongan Purok 7', '57', 'Ramon Lopez', '0', '2026-03-09 23:43:07', '2026-03-09 23:43:07'),
('34', 'H-34', 'Barangay Bombongan Purok 3', '41', 'Mark Rizal', '0', '2026-03-09 23:43:07', '2026-03-09 23:43:07'),
('35', 'H-35', 'Barangay Bombongan Purok 6', '74', 'Jose Lopez', '0', '2026-03-09 23:43:07', '2026-03-09 23:43:07'),
('36', 'H-36', 'Barangay Bombongan Purok 6', '50', 'Carla Lopez', '0', '2026-03-09 23:43:07', '2026-03-09 23:43:07'),
('37', 'H-37', 'Barangay Bombongan Purok 2', '35', 'Ramon Santos', '0', '2026-03-09 23:43:07', '2026-03-09 23:43:07'),
('38', 'H-38', 'Barangay Bombongan Purok 1', '98', 'Pedro Torres', '0', '2026-03-09 23:43:07', '2026-03-09 23:43:07'),
('39', 'H-39', 'Barangay Bombongan Purok 7', '35', 'Ana Santos', '0', '2026-03-09 23:43:07', '2026-03-09 23:43:07'),
('40', 'H-40', 'Barangay Bombongan Purok 3', '2', 'Carla Santos', '0', '2026-03-09 23:43:07', '2026-03-09 23:43:07'),
('41', 'H-41', 'Barangay Bombongan Purok 5', '81', 'Carla Reyes', '0', '2026-03-09 23:43:07', '2026-03-09 23:43:07'),
('42', 'H-42', 'Barangay Bombongan Purok 6', '83', 'Maria Garcia', '0', '2026-03-09 23:43:07', '2026-03-09 23:43:07'),
('43', 'H-43', 'Barangay Bombongan Purok 3', '73', 'Liza Santos', '0', '2026-03-09 23:43:07', '2026-03-09 23:43:07'),
('44', 'H-44', 'Barangay Bombongan Purok 7', '27', 'Luis Reyes', '0', '2026-03-09 23:43:07', '2026-03-09 23:43:07'),
('45', 'H-45', 'Barangay Bombongan Purok 2', '89', 'Pedro Santos', '0', '2026-03-09 23:43:07', '2026-03-09 23:43:07'),
('46', 'H-46', 'Barangay Bombongan Purok 7', '98', 'Jose Mendoza', '0', '2026-03-09 23:43:07', '2026-03-09 23:43:07'),
('47', 'H-47', 'Barangay Bombongan Purok 4', '89', 'Juan Reyes', '0', '2026-03-09 23:43:07', '2026-03-09 23:43:07'),
('48', 'H-48', 'Barangay Bombongan Purok 2', '50', 'Ana Reyes', '0', '2026-03-09 23:43:07', '2026-03-09 23:43:07'),
('49', 'H-49', 'Barangay Bombongan Purok 3', '39', 'Liza Rizal', '0', '2026-03-09 23:43:07', '2026-03-09 23:43:07'),
('50', 'H-50', 'Barangay Bombongan Purok 5', '77', 'Luis Lopez', '0', '2026-03-09 23:43:07', '2026-03-09 23:43:07'),
('51', 'H-51', 'Barangay Bombongan Purok 1', '60', 'Liza Garcia', '0', '2026-03-09 23:43:07', '2026-03-09 23:43:07'),
('52', 'H-52', 'Barangay Bombongan Purok 5', '72', 'Juan Garcia', '0', '2026-03-09 23:43:07', '2026-03-09 23:43:07'),
('53', 'H-53', 'Barangay Bombongan Purok 5', '40', 'Ana Santos', '0', '2026-03-09 23:43:07', '2026-03-09 23:43:07'),
('54', 'H-54', 'Barangay Bombongan Purok 4', '83', 'Juan Lopez', '0', '2026-03-09 23:43:07', '2026-03-09 23:43:07'),
('55', 'H-55', 'Barangay Bombongan Purok 6', '62', 'Carla Garcia', '0', '2026-03-09 23:43:07', '2026-03-09 23:43:07'),
('56', 'H-56', 'Barangay Bombongan Purok 2', '10', 'Liza Lopez', '0', '2026-03-09 23:43:07', '2026-03-09 23:43:07'),
('57', 'H-57', 'Barangay Bombongan Purok 5', '26', 'Pedro Diaz', '0', '2026-03-09 23:43:07', '2026-03-09 23:43:07'),
('58', 'H-58', 'Barangay Bombongan Purok 7', '26', 'Mark Mendoza', '0', '2026-03-09 23:43:07', '2026-03-09 23:43:07'),
('59', 'H-59', 'Barangay Bombongan Purok 5', '73', 'Ana Rizal', '0', '2026-03-09 23:43:07', '2026-03-09 23:43:07'),
('60', 'H-60', 'Barangay Bombongan Purok 2', '35', 'Mark Dela Cruz', '0', '2026-03-09 23:43:07', '2026-03-09 23:43:07'),
('61', 'H-61', 'Barangay Bombongan Purok 4', '28', 'Liza Diaz', '0', '2026-03-09 23:43:07', '2026-03-09 23:43:07'),
('62', 'H-62', 'Barangay Bombongan Purok 5', '88', 'Luis Reyes', '0', '2026-03-09 23:43:07', '2026-03-09 23:43:07'),
('63', 'H-63', 'Barangay Bombongan Purok 7', '54', 'Ana Santos', '0', '2026-03-09 23:43:07', '2026-03-09 23:43:07'),
('64', 'H-64', 'Barangay Bombongan Purok 7', '98', 'Mark Rizal', '0', '2026-03-09 23:43:07', '2026-03-09 23:43:07'),
('65', 'H-65', 'Barangay Bombongan Purok 6', '4', 'Pedro Lopez', '0', '2026-03-09 23:43:07', '2026-03-09 23:43:07'),
('66', 'H-66', 'Barangay Bombongan Purok 7', '37', 'Ana Reyes', '0', '2026-03-09 23:43:07', '2026-03-09 23:43:07'),
('67', 'H-67', 'Barangay Bombongan Purok 3', '26', 'Luis Garcia', '0', '2026-03-09 23:43:07', '2026-03-09 23:43:07'),
('68', 'H-68', 'Barangay Bombongan Purok 7', '33', 'Ramon Lopez', '0', '2026-03-09 23:43:07', '2026-03-09 23:43:07'),
('69', 'H-69', 'Barangay Bombongan Purok 6', '85', 'Carla Santos', '0', '2026-03-09 23:43:07', '2026-03-09 23:43:07'),
('70', 'H-70', 'Barangay Bombongan Purok 7', '64', 'Liza Mendoza', '0', '2026-03-09 23:43:07', '2026-03-09 23:43:07'),
('71', 'H-71', 'Barangay Bombongan Purok 3', '29', 'Juan Santos', '0', '2026-03-09 23:43:07', '2026-03-09 23:43:07'),
('72', 'H-72', 'Barangay Bombongan Purok 3', '55', 'Mark Dela Cruz', '0', '2026-03-09 23:43:07', '2026-03-09 23:43:07'),
('73', 'H-73', 'Barangay Bombongan Purok 5', '93', 'Ana Rizal', '0', '2026-03-09 23:43:07', '2026-03-09 23:43:07'),
('74', 'H-74', 'Barangay Bombongan Purok 6', '62', 'Luis Garcia', '0', '2026-03-09 23:43:07', '2026-03-09 23:43:07'),
('75', 'H-75', 'Barangay Bombongan Purok 2', '10', 'Mark Diaz', '0', '2026-03-09 23:43:07', '2026-03-09 23:43:07'),
('76', 'H-76', 'Barangay Bombongan Purok 6', '84', 'Ana Dela Cruz', '0', '2026-03-09 23:43:07', '2026-03-09 23:43:07'),
('77', 'H-77', 'Barangay Bombongan Purok 5', '49', 'Pedro Santos', '0', '2026-03-09 23:43:07', '2026-03-09 23:43:07'),
('78', 'H-78', 'Barangay Bombongan Purok 3', '21', 'Maria Rizal', '0', '2026-03-09 23:43:07', '2026-03-09 23:43:07'),
('79', 'H-79', 'Barangay Bombongan Purok 1', '11', 'Juan Santos', '0', '2026-03-09 23:43:07', '2026-03-09 23:43:07'),
('80', 'H-80', 'Barangay Bombongan Purok 4', '15', 'Ramon Dela Cruz', '0', '2026-03-09 23:43:07', '2026-03-09 23:43:07'),
('81', 'H-81', 'Barangay Bombongan Purok 5', '22', 'Maria Diaz', '0', '2026-03-09 23:43:07', '2026-03-09 23:43:07'),
('82', 'H-82', 'Barangay Bombongan Purok 3', '59', 'Ana Santos', '0', '2026-03-09 23:43:07', '2026-03-09 23:43:07'),
('83', 'H-83', 'Barangay Bombongan Purok 7', '67', 'Ramon Diaz', '0', '2026-03-09 23:43:07', '2026-03-09 23:43:07'),
('84', 'H-84', 'Barangay Bombongan Purok 5', '96', 'Juan Mendoza', '0', '2026-03-09 23:43:07', '2026-03-09 23:43:07'),
('85', 'H-85', 'Barangay Bombongan Purok 6', '71', 'Mark Reyes', '0', '2026-03-09 23:43:07', '2026-03-09 23:43:07'),
('86', 'H-86', 'Barangay Bombongan Purok 2', '4', 'Ana Garcia', '0', '2026-03-09 23:43:07', '2026-03-09 23:43:07'),
('87', 'H-87', 'Barangay Bombongan Purok 7', '55', 'Maria Lopez', '0', '2026-03-09 23:43:07', '2026-03-09 23:43:07'),
('88', 'H-88', 'Barangay Bombongan Purok 6', '35', 'Maria Torres', '0', '2026-03-09 23:43:07', '2026-03-09 23:43:07'),
('89', 'H-89', 'Barangay Bombongan Purok 6', '79', 'Luis Garcia', '0', '2026-03-09 23:43:07', '2026-03-09 23:43:07'),
('90', 'H-90', 'Barangay Bombongan Purok 7', '82', 'Juan Diaz', '0', '2026-03-09 23:43:07', '2026-03-09 23:43:07'),
('91', 'H-91', 'Barangay Bombongan Purok 3', '1', 'Jose Dela Cruz', '0', '2026-03-09 23:43:07', '2026-03-09 23:43:07'),
('92', 'H-92', 'Barangay Bombongan Purok 6', '35', 'Mark Lopez', '0', '2026-03-09 23:43:07', '2026-03-09 23:43:07'),
('93', 'H-93', 'Barangay Bombongan Purok 5', '40', 'Ana Rizal', '0', '2026-03-09 23:43:07', '2026-03-09 23:43:07'),
('94', 'H-94', 'Barangay Bombongan Purok 3', '99', 'Pedro Lopez', '0', '2026-03-09 23:43:07', '2026-03-09 23:43:07'),
('95', 'H-95', 'Barangay Bombongan Purok 2', '15', 'Ramon Torres', '0', '2026-03-09 23:43:07', '2026-03-09 23:43:07'),
('96', 'H-96', 'Barangay Bombongan Purok 4', '1', 'Luis Reyes', '0', '2026-03-09 23:43:07', '2026-03-09 23:43:07'),
('97', 'H-97', 'Barangay Bombongan Purok 7', '45', 'Maria Santos', '0', '2026-03-09 23:43:07', '2026-03-09 23:43:07'),
('98', 'H-98', 'Barangay Bombongan Purok 3', '12', 'Ana Lopez', '0', '2026-03-09 23:43:07', '2026-03-09 23:43:07'),
('99', 'H-99', 'Barangay Bombongan Purok 3', '100', 'Pedro Mendoza', '0', '2026-03-09 23:43:07', '2026-03-09 23:43:07'),
('100', 'H-100', 'Barangay Bombongan Purok 6', '26', 'Ramon Rizal', '0', '2026-03-09 23:43:07', '2026-03-09 23:43:07');

-- Table: `immunizations`
DROP TABLE IF EXISTS `immunizations`;
CREATE TABLE `immunizations` (
  `id` int unsigned NOT NULL AUTO_INCREMENT,
  `resident_id` int unsigned NOT NULL,
  `vaccine_name` varchar(100) NOT NULL,
  `dose` varchar(50) DEFAULT NULL,
  `date_given` date NOT NULL,
  `next_schedule` date DEFAULT NULL,
  `administered_by` varchar(100) DEFAULT NULL,
  `remarks` text,
  `created_at` timestamp NULL DEFAULT CURRENT_TIMESTAMP,
  `updated_at` timestamp NULL DEFAULT CURRENT_TIMESTAMP ON UPDATE CURRENT_TIMESTAMP,
  PRIMARY KEY (`id`),
  KEY `idx_resident_id` (`resident_id`),
  KEY `idx_date_given` (`date_given`),
  KEY `idx_next_schedule` (`next_schedule`),
  CONSTRAINT `fk_immunizations_resident` FOREIGN KEY (`resident_id`) REFERENCES `residents` (`id`) ON DELETE RESTRICT ON UPDATE CASCADE
) ENGINE=InnoDB AUTO_INCREMENT=101 DEFAULT CHARSET=utf8mb4 COLLATE=utf8mb4_0900_ai_ci;

INSERT INTO `immunizations` VALUES
('1', '6', 'COVID-19', NULL, '2021-05-20', NULL, NULL, NULL, '2026-03-09 23:43:07', '2026-03-09 23:43:07'),
('2', '85', 'COVID-19', NULL, '2022-06-21', NULL, NULL, NULL, '2026-03-09 23:43:07', '2026-03-09 23:43:07'),
('3', '17', 'COVID-19', NULL, '2023-09-07', NULL, NULL, NULL, '2026-03-09 23:43:07', '2026-03-09 23:43:07'),
('4', '84', 'COVID-19', NULL, '2022-10-28', NULL, NULL, NULL, '2026-03-09 23:43:07', '2026-03-09 23:43:07'),
('5', '97', 'COVID-19', NULL, '2021-11-14', NULL, NULL, NULL, '2026-03-09 23:43:07', '2026-03-09 23:43:07'),
('6', '33', 'COVID-19', NULL, '2021-01-05', NULL, NULL, NULL, '2026-03-09 23:43:07', '2026-03-09 23:43:07'),
('7', '33', 'COVID-19', NULL, '2022-04-08', NULL, NULL, NULL, '2026-03-09 23:43:07', '2026-03-09 23:43:07'),
('8', '55', 'COVID-19', NULL, '2021-07-29', NULL, NULL, NULL, '2026-03-09 23:43:07', '2026-03-09 23:43:07'),
('9', '34', 'COVID-19', NULL, '2022-11-03', NULL, NULL, NULL, '2026-03-09 23:43:07', '2026-03-09 23:43:07'),
('10', '86', 'COVID-19', NULL, '2022-10-26', NULL, NULL, NULL, '2026-03-09 23:43:07', '2026-03-09 23:43:07'),
('11', '14', 'COVID-19', NULL, '2021-06-05', NULL, NULL, NULL, '2026-03-09 23:43:07', '2026-03-09 23:43:07'),
('12', '15', 'COVID-19', NULL, '2022-07-25', NULL, NULL, NULL, '2026-03-09 23:43:07', '2026-03-09 23:43:07'),
('13', '40', 'COVID-19', NULL, '2022-07-21', NULL, NULL, NULL, '2026-03-09 23:43:07', '2026-03-09 23:43:07'),
('14', '29', 'COVID-19', NULL, '2022-11-16', NULL, NULL, NULL, '2026-03-09 23:43:07', '2026-03-09 23:43:07'),
('15', '69', 'COVID-19', NULL, '2021-11-02', NULL, NULL, NULL, '2026-03-09 23:43:07', '2026-03-09 23:43:07'),
('16', '37', 'COVID-19', NULL, '2023-03-05', NULL, NULL, NULL, '2026-03-09 23:43:07', '2026-03-09 23:43:07'),
('17', '31', 'COVID-19', NULL, '2022-10-06', NULL, NULL, NULL, '2026-03-09 23:43:07', '2026-03-09 23:43:07'),
('18', '77', 'COVID-19', NULL, '2022-09-24', NULL, NULL, NULL, '2026-03-09 23:43:07', '2026-03-09 23:43:07'),
('19', '59', 'COVID-19', NULL, '2023-03-24', NULL, NULL, NULL, '2026-03-09 23:43:07', '2026-03-09 23:43:07'),
('20', '57', 'COVID-19', NULL, '2023-07-25', NULL, NULL, NULL, '2026-03-09 23:43:07', '2026-03-09 23:43:07'),
('21', '73', 'COVID-19', NULL, '2023-03-14', NULL, NULL, NULL, '2026-03-09 23:43:07', '2026-03-09 23:43:07'),
('22', '89', 'COVID-19', NULL, '2021-01-17', NULL, NULL, NULL, '2026-03-09 23:43:07', '2026-03-09 23:43:07'),
('23', '83', 'COVID-19', NULL, '2022-04-27', NULL, NULL, NULL, '2026-03-09 23:43:07', '2026-03-09 23:43:07'),
('24', '88', 'COVID-19', NULL, '2021-10-29', NULL, NULL, NULL, '2026-03-09 23:43:07', '2026-03-09 23:43:07'),
('25', '27', 'COVID-19', NULL, '2022-11-11', NULL, NULL, NULL, '2026-03-09 23:43:07', '2026-03-09 23:43:07'),
('26', '93', 'COVID-19', NULL, '2022-10-15', NULL, NULL, NULL, '2026-03-09 23:43:07', '2026-03-09 23:43:07'),
('27', '29', 'COVID-19', NULL, '2023-12-15', NULL, NULL, NULL, '2026-03-09 23:43:07', '2026-03-09 23:43:07'),
('28', '58', 'COVID-19', NULL, '2023-06-23', NULL, NULL, NULL, '2026-03-09 23:43:07', '2026-03-09 23:43:07'),
('29', '36', 'COVID-19', NULL, '2021-05-04', NULL, NULL, NULL, '2026-03-09 23:43:07', '2026-03-09 23:43:07'),
('30', '35', 'COVID-19', NULL, '2021-06-06', NULL, NULL, NULL, '2026-03-09 23:43:07', '2026-03-09 23:43:07'),
('31', '66', 'COVID-19', NULL, '2023-10-29', NULL, NULL, NULL, '2026-03-09 23:43:07', '2026-03-09 23:43:07'),
('32', '58', 'COVID-19', NULL, '2021-10-22', NULL, NULL, NULL, '2026-03-09 23:43:07', '2026-03-09 23:43:07'),
('33', '15', 'COVID-19', NULL, '2022-03-07', NULL, NULL, NULL, '2026-03-09 23:43:07', '2026-03-09 23:43:07'),
('34', '69', 'COVID-19', NULL, '2021-08-27', NULL, NULL, NULL, '2026-03-09 23:43:07', '2026-03-09 23:43:07'),
('35', '27', 'COVID-19', NULL, '2022-02-01', NULL, NULL, NULL, '2026-03-09 23:43:07', '2026-03-09 23:43:07'),
('36', '39', 'COVID-19', NULL, '2022-03-19', NULL, NULL, NULL, '2026-03-09 23:43:07', '2026-03-09 23:43:07'),
('37', '26', 'COVID-19', NULL, '2021-01-30', NULL, NULL, NULL, '2026-03-09 23:43:07', '2026-03-09 23:43:07'),
('38', '50', 'COVID-19', NULL, '2022-07-25', NULL, NULL, NULL, '2026-03-09 23:43:07', '2026-03-09 23:43:07'),
('39', '18', 'COVID-19', NULL, '2021-04-27', NULL, NULL, NULL, '2026-03-09 23:43:07', '2026-03-09 23:43:07'),
('40', '54', 'COVID-19', NULL, '2023-06-27', NULL, NULL, NULL, '2026-03-09 23:43:07', '2026-03-09 23:43:07'),
('41', '38', 'COVID-19', NULL, '2022-07-19', NULL, NULL, NULL, '2026-03-09 23:43:07', '2026-03-09 23:43:07'),
('42', '66', 'COVID-19', NULL, '2022-03-13', NULL, NULL, NULL, '2026-03-09 23:43:07', '2026-03-09 23:43:07'),
('43', '82', 'COVID-19', NULL, '2021-03-29', NULL, NULL, NULL, '2026-03-09 23:43:07', '2026-03-09 23:43:07'),
('44', '78', 'COVID-19', NULL, '2021-11-08', NULL, NULL, NULL, '2026-03-09 23:43:07', '2026-03-09 23:43:07'),
('45', '42', 'COVID-19', NULL, '2021-02-15', NULL, NULL, NULL, '2026-03-09 23:43:07', '2026-03-09 23:43:07'),
('46', '94', 'COVID-19', NULL, '2023-07-13', NULL, NULL, NULL, '2026-03-09 23:43:07', '2026-03-09 23:43:07'),
('47', '42', 'COVID-19', NULL, '2022-11-03', NULL, NULL, NULL, '2026-03-09 23:43:07', '2026-03-09 23:43:07'),
('48', '61', 'COVID-19', NULL, '2022-03-26', NULL, NULL, NULL, '2026-03-09 23:43:07', '2026-03-09 23:43:07'),
('49', '43', 'COVID-19', NULL, '2023-06-25', NULL, NULL, NULL, '2026-03-09 23:43:07', '2026-03-09 23:43:07'),
('50', '75', 'COVID-19', NULL, '2023-11-08', NULL, NULL, NULL, '2026-03-09 23:43:07', '2026-03-09 23:43:07'),
('51', '60', 'COVID-19', NULL, '2022-02-20', NULL, NULL, NULL, '2026-03-09 23:43:07', '2026-03-09 23:43:07'),
('52', '52', 'COVID-19', NULL, '2021-09-16', NULL, NULL, NULL, '2026-03-09 23:43:07', '2026-03-09 23:43:07'),
('53', '71', 'COVID-19', NULL, '2022-01-04', NULL, NULL, NULL, '2026-03-09 23:43:07', '2026-03-09 23:43:07'),
('54', '34', 'COVID-19', NULL, '2022-01-30', NULL, NULL, NULL, '2026-03-09 23:43:07', '2026-03-09 23:43:07'),
('55', '26', 'COVID-19', NULL, '2023-10-02', NULL, NULL, NULL, '2026-03-09 23:43:07', '2026-03-09 23:43:07'),
('56', '91', 'COVID-19', NULL, '2023-08-25', NULL, NULL, NULL, '2026-03-09 23:43:07', '2026-03-09 23:43:07'),
('57', '16', 'COVID-19', NULL, '2023-12-04', NULL, NULL, NULL, '2026-03-09 23:43:07', '2026-03-09 23:43:07'),
('58', '29', 'COVID-19', NULL, '2022-04-17', NULL, NULL, NULL, '2026-03-09 23:43:07', '2026-03-09 23:43:07'),
('59', '30', 'COVID-19', NULL, '2022-11-18', NULL, NULL, NULL, '2026-03-09 23:43:07', '2026-03-09 23:43:07'),
('60', '91', 'COVID-19', NULL, '2022-10-28', NULL, NULL, NULL, '2026-03-09 23:43:07', '2026-03-09 23:43:07'),
('61', '29', 'COVID-19', NULL, '2022-08-23', NULL, NULL, NULL, '2026-03-09 23:43:07', '2026-03-09 23:43:07'),
('62', '64', 'COVID-19', NULL, '2022-02-11', NULL, NULL, NULL, '2026-03-09 23:43:07', '2026-03-09 23:43:07'),
('63', '27', 'COVID-19', NULL, '2023-11-29', NULL, NULL, NULL, '2026-03-09 23:43:07', '2026-03-09 23:43:07'),
('64', '59', 'COVID-19', NULL, '2021-02-21', NULL, NULL, NULL, '2026-03-09 23:43:07', '2026-03-09 23:43:07'),
('65', '92', 'COVID-19', NULL, '2022-01-10', NULL, NULL, NULL, '2026-03-09 23:43:07', '2026-03-09 23:43:07'),
('66', '22', 'COVID-19', NULL, '2022-08-25', NULL, NULL, NULL, '2026-03-09 23:43:07', '2026-03-09 23:43:07'),
('67', '57', 'COVID-19', NULL, '2023-12-03', NULL, NULL, NULL, '2026-03-09 23:43:07', '2026-03-09 23:43:07'),
('68', '85', 'COVID-19', NULL, '2022-07-09', NULL, NULL, NULL, '2026-03-09 23:43:07', '2026-03-09 23:43:07'),
('69', '54', 'COVID-19', NULL, '2023-07-09', NULL, NULL, NULL, '2026-03-09 23:43:07', '2026-03-09 23:43:07'),
('70', '81', 'COVID-19', NULL, '2021-10-14', NULL, NULL, NULL, '2026-03-09 23:43:07', '2026-03-09 23:43:07'),
('71', '78', 'COVID-19', NULL, '2022-08-15', NULL, NULL, NULL, '2026-03-09 23:43:07', '2026-03-09 23:43:07'),
('72', '66', 'COVID-19', NULL, '2023-10-16', NULL, NULL, NULL, '2026-03-09 23:43:07', '2026-03-09 23:43:07'),
('73', '41', 'COVID-19', NULL, '2022-03-20', NULL, NULL, NULL, '2026-03-09 23:43:07', '2026-03-09 23:43:07'),
('74', '98', 'COVID-19', NULL, '2021-12-31', NULL, NULL, NULL, '2026-03-09 23:43:07', '2026-03-09 23:43:07'),
('75', '1', 'COVID-19', NULL, '2022-12-10', NULL, NULL, NULL, '2026-03-09 23:43:07', '2026-03-09 23:43:07'),
('76', '50', 'COVID-19', NULL, '2021-06-30', NULL, NULL, NULL, '2026-03-09 23:43:07', '2026-03-09 23:43:07'),
('77', '87', 'COVID-19', NULL, '2021-10-21', NULL, NULL, NULL, '2026-03-09 23:43:07', '2026-03-09 23:43:07'),
('78', '52', 'COVID-19', NULL, '2021-09-29', NULL, NULL, NULL, '2026-03-09 23:43:07', '2026-03-09 23:43:07'),
('79', '83', 'COVID-19', NULL, '2022-08-11', NULL, NULL, NULL, '2026-03-09 23:43:07', '2026-03-09 23:43:07'),
('80', '78', 'COVID-19', NULL, '2022-11-18', NULL, NULL, NULL, '2026-03-09 23:43:07', '2026-03-09 23:43:07'),
('81', '67', 'COVID-19', NULL, '2021-12-02', NULL, NULL, NULL, '2026-03-09 23:43:07', '2026-03-09 23:43:07'),
('82', '40', 'COVID-19', NULL, '2022-12-11', NULL, NULL, NULL, '2026-03-09 23:43:07', '2026-03-09 23:43:07'),
('83', '13', 'COVID-19', NULL, '2023-09-12', NULL, NULL, NULL, '2026-03-09 23:43:07', '2026-03-09 23:43:07'),
('84', '6', 'COVID-19', NULL, '2022-03-29', NULL, NULL, NULL, '2026-03-09 23:43:07', '2026-03-09 23:43:07'),
('85', '39', 'COVID-19', NULL, '2021-10-12', NULL, NULL, NULL, '2026-03-09 23:43:07', '2026-03-09 23:43:07'),
('86', '91', 'COVID-19', NULL, '2022-02-23', NULL, NULL, NULL, '2026-03-09 23:43:07', '2026-03-09 23:43:07'),
('87', '95', 'COVID-19', NULL, '2023-06-05', NULL, NULL, NULL, '2026-03-09 23:43:07', '2026-03-09 23:43:07'),
('88', '73', 'COVID-19', NULL, '2022-12-10', NULL, NULL, NULL, '2026-03-09 23:43:07', '2026-03-09 23:43:07'),
('89', '86', 'COVID-19', NULL, '2021-06-30', NULL, NULL, NULL, '2026-03-09 23:43:07', '2026-03-09 23:43:07'),
('90', '50', 'COVID-19', NULL, '2021-10-27', NULL, NULL, NULL, '2026-03-09 23:43:07', '2026-03-09 23:43:07'),
('91', '74', 'COVID-19', NULL, '2022-03-12', NULL, NULL, NULL, '2026-03-09 23:43:07', '2026-03-09 23:43:07'),
('92', '72', 'COVID-19', NULL, '2023-03-28', NULL, NULL, NULL, '2026-03-09 23:43:07', '2026-03-09 23:43:07'),
('93', '49', 'COVID-19', NULL, '2023-03-17', NULL, NULL, NULL, '2026-03-09 23:43:07', '2026-03-09 23:43:07'),
('94', '65', 'COVID-19', NULL, '2021-10-24', NULL, NULL, NULL, '2026-03-09 23:43:07', '2026-03-09 23:43:07'),
('95', '33', 'COVID-19', NULL, '2023-10-01', NULL, NULL, NULL, '2026-03-09 23:43:07', '2026-03-09 23:43:07'),
('96', '89', 'COVID-19', NULL, '2022-11-29', NULL, NULL, NULL, '2026-03-09 23:43:07', '2026-03-09 23:43:07'),
('97', '54', 'COVID-19', NULL, '2023-04-25', NULL, NULL, NULL, '2026-03-09 23:43:07', '2026-03-09 23:43:07'),
('98', '48', 'COVID-19', NULL, '2021-05-16', NULL, NULL, NULL, '2026-03-09 23:43:07', '2026-03-09 23:43:07'),
('99', '30', 'COVID-19', NULL, '2023-04-20', NULL, NULL, NULL, '2026-03-09 23:43:07', '2026-03-09 23:43:07'),
('100', '82', 'COVID-19', NULL, '2022-11-01', NULL, NULL, NULL, '2026-03-09 23:43:07', '2026-03-09 23:43:07');

-- Table: `inventory`
DROP TABLE IF EXISTS `inventory`;
CREATE TABLE `inventory` (
  `id` int unsigned NOT NULL AUTO_INCREMENT,
  `asset_code` varchar(50) NOT NULL,
  `name` varchar(255) NOT NULL,
  `category` varchar(100) DEFAULT NULL,
  `quantity` int DEFAULT '1',
  `location` varchar(255) DEFAULT NULL,
  `cond` varchar(50) DEFAULT NULL,
  `status` enum('available','in_use','maintenance','damaged','retired') DEFAULT 'available',
  `description` text,
  `created_by` int DEFAULT NULL,
  `created_at` datetime DEFAULT CURRENT_TIMESTAMP,
  `updated_at` datetime DEFAULT CURRENT_TIMESTAMP ON UPDATE CURRENT_TIMESTAMP,
  PRIMARY KEY (`id`),
  UNIQUE KEY `uk_asset_code` (`asset_code`),
  KEY `idx_category` (`category`),
  KEY `idx_status` (`status`),
  KEY `idx_created_by` (`created_by`),
  CONSTRAINT `fk_inventory_created_by` FOREIGN KEY (`created_by`) REFERENCES `users` (`id`) ON DELETE SET NULL
) ENGINE=InnoDB DEFAULT CHARSET=utf8mb4 COLLATE=utf8mb4_0900_ai_ci;

-- Table: `inventory_audit_trail`
DROP TABLE IF EXISTS `inventory_audit_trail`;
CREATE TABLE `inventory_audit_trail` (
  `id` int unsigned NOT NULL AUTO_INCREMENT,
  `inventory_id` int unsigned NOT NULL,
  `asset_code` varchar(50) NOT NULL,
  `action_type` enum('created','updated','deleted','assigned','returned','location_changed','condition_changed','quantity_changed') NOT NULL,
  `user_id` int NOT NULL,
  `user_name` varchar(255) NOT NULL,
  `user_role` varchar(50) DEFAULT NULL,
  `personnel_name` varchar(255) DEFAULT NULL,
  `personnel_role` varchar(100) DEFAULT NULL,
  `location` varchar(255) DEFAULT NULL,
  `purpose` text,
  `start_time` datetime DEFAULT NULL,
  `end_time` datetime DEFAULT NULL,
  `old_value` text,
  `new_value` text,
  `notes` text,
  `created_at` datetime DEFAULT CURRENT_TIMESTAMP,
  PRIMARY KEY (`id`),
  KEY `idx_inventory_id` (`inventory_id`),
  KEY `idx_asset_code` (`asset_code`),
  KEY `idx_user_id` (`user_id`),
  KEY `idx_action_type` (`action_type`),
  KEY `idx_created_at` (`created_at`),
  CONSTRAINT `inventory_audit_trail_ibfk_1` FOREIGN KEY (`inventory_id`) REFERENCES `inventory` (`id`) ON DELETE CASCADE,
  CONSTRAINT `inventory_audit_trail_ibfk_2` FOREIGN KEY (`user_id`) REFERENCES `users` (`id`) ON DELETE RESTRICT
) ENGINE=InnoDB DEFAULT CHARSET=utf8mb4 COLLATE=utf8mb4_0900_ai_ci;

-- Table: `inventory_category_list`
DROP TABLE IF EXISTS `inventory_category_list`;
CREATE TABLE `inventory_category_list` (
  `id` int unsigned NOT NULL AUTO_INCREMENT,
  `name` varchar(150) NOT NULL,
  `created_at` datetime DEFAULT CURRENT_TIMESTAMP,
  PRIMARY KEY (`id`),
  UNIQUE KEY `uniq_name` (`name`)
) ENGINE=InnoDB DEFAULT CHARSET=utf8mb4 COLLATE=utf8mb4_0900_ai_ci;

-- Table: `medicine_categories`
DROP TABLE IF EXISTS `medicine_categories`;
CREATE TABLE `medicine_categories` (
  `id` int unsigned NOT NULL AUTO_INCREMENT,
  `name` varchar(100) NOT NULL,
  `created_at` timestamp NULL DEFAULT CURRENT_TIMESTAMP,
  `updated_at` timestamp NULL DEFAULT CURRENT_TIMESTAMP ON UPDATE CURRENT_TIMESTAMP,
  PRIMARY KEY (`id`),
  UNIQUE KEY `uk_name` (`name`),
  KEY `idx_name` (`name`)
) ENGINE=InnoDB AUTO_INCREMENT=11 DEFAULT CHARSET=utf8mb4 COLLATE=utf8mb4_0900_ai_ci;

INSERT INTO `medicine_categories` VALUES
('1', 'Category 1', '2026-03-09 23:43:07', '2026-03-09 23:43:07'),
('2', 'Category 2', '2026-03-09 23:43:07', '2026-03-09 23:43:07'),
('3', 'Category 3', '2026-03-09 23:43:07', '2026-03-09 23:43:07'),
('4', 'Category 4', '2026-03-09 23:43:07', '2026-03-09 23:43:07'),
('5', 'Category 5', '2026-03-09 23:43:07', '2026-03-09 23:43:07'),
('6', 'Category 6', '2026-03-09 23:43:07', '2026-03-09 23:43:07'),
('7', 'Category 7', '2026-03-09 23:43:07', '2026-03-09 23:43:07'),
('8', 'Category 8', '2026-03-09 23:43:07', '2026-03-09 23:43:07'),
('9', 'Category 9', '2026-03-09 23:43:07', '2026-03-09 23:43:07'),
('10', 'Category 10', '2026-03-09 23:43:07', '2026-03-09 23:43:07');

-- Table: `medicine_dispense`
DROP TABLE IF EXISTS `medicine_dispense`;
CREATE TABLE `medicine_dispense` (
  `id` int unsigned NOT NULL AUTO_INCREMENT,
  `resident_id` int unsigned NOT NULL,
  `medicine_id` int unsigned NOT NULL,
  `quantity` int NOT NULL,
  `dispense_date` date NOT NULL,
  `notes` text,
  `created_at` timestamp NULL DEFAULT CURRENT_TIMESTAMP,
  PRIMARY KEY (`id`),
  KEY `idx_resident_id` (`resident_id`),
  KEY `idx_medicine_id` (`medicine_id`),
  KEY `idx_dispense_date` (`dispense_date`),
  CONSTRAINT `fk_dispense_medicine` FOREIGN KEY (`medicine_id`) REFERENCES `medicines` (`id`) ON DELETE RESTRICT ON UPDATE CASCADE,
  CONSTRAINT `fk_dispense_resident` FOREIGN KEY (`resident_id`) REFERENCES `residents` (`id`) ON DELETE RESTRICT ON UPDATE CASCADE
) ENGINE=InnoDB AUTO_INCREMENT=101 DEFAULT CHARSET=utf8mb4 COLLATE=utf8mb4_0900_ai_ci;

INSERT INTO `medicine_dispense` VALUES
('1', '42', '43', '2', '2026-03-09', NULL, '2026-03-09 23:43:07'),
('2', '13', '67', '1', '2026-03-09', NULL, '2026-03-09 23:43:07'),
('3', '96', '66', '2', '2026-03-09', NULL, '2026-03-09 23:43:07'),
('4', '37', '27', '2', '2026-03-09', NULL, '2026-03-09 23:43:07'),
('5', '5', '21', '2', '2026-03-09', NULL, '2026-03-09 23:43:07'),
('6', '24', '82', '3', '2026-03-09', NULL, '2026-03-09 23:43:07'),
('7', '48', '37', '5', '2026-03-09', NULL, '2026-03-09 23:43:07'),
('8', '2', '98', '1', '2026-03-09', NULL, '2026-03-09 23:43:07'),
('9', '31', '14', '3', '2026-03-09', NULL, '2026-03-09 23:43:07'),
('10', '83', '92', '3', '2026-03-09', NULL, '2026-03-09 23:43:07'),
('11', '3', '85', '1', '2026-03-09', NULL, '2026-03-09 23:43:07'),
('12', '17', '37', '1', '2026-03-09', NULL, '2026-03-09 23:43:07'),
('13', '43', '61', '1', '2026-03-09', NULL, '2026-03-09 23:43:07'),
('14', '17', '48', '2', '2026-03-09', NULL, '2026-03-09 23:43:07'),
('15', '82', '7', '1', '2026-03-09', NULL, '2026-03-09 23:43:07'),
('16', '22', '74', '4', '2026-03-09', NULL, '2026-03-09 23:43:07'),
('17', '42', '87', '1', '2026-03-09', NULL, '2026-03-09 23:43:07'),
('18', '8', '99', '1', '2026-03-09', NULL, '2026-03-09 23:43:07'),
('19', '81', '27', '2', '2026-03-09', NULL, '2026-03-09 23:43:07'),
('20', '90', '76', '1', '2026-03-09', NULL, '2026-03-09 23:43:07'),
('21', '43', '3', '3', '2026-03-09', NULL, '2026-03-09 23:43:07'),
('22', '33', '14', '1', '2026-03-09', NULL, '2026-03-09 23:43:07'),
('23', '27', '71', '4', '2026-03-09', NULL, '2026-03-09 23:43:07'),
('24', '75', '87', '2', '2026-03-09', NULL, '2026-03-09 23:43:07'),
('25', '36', '73', '5', '2026-03-09', NULL, '2026-03-09 23:43:07'),
('26', '36', '39', '5', '2026-03-09', NULL, '2026-03-09 23:43:07'),
('27', '6', '70', '2', '2026-03-09', NULL, '2026-03-09 23:43:07'),
('28', '66', '47', '2', '2026-03-09', NULL, '2026-03-09 23:43:07'),
('29', '27', '45', '1', '2026-03-09', NULL, '2026-03-09 23:43:07'),
('30', '84', '39', '1', '2026-03-09', NULL, '2026-03-09 23:43:07'),
('31', '8', '3', '5', '2026-03-09', NULL, '2026-03-09 23:43:07'),
('32', '45', '74', '3', '2026-03-09', NULL, '2026-03-09 23:43:07'),
('33', '76', '7', '2', '2026-03-09', NULL, '2026-03-09 23:43:07'),
('34', '18', '15', '4', '2026-03-09', NULL, '2026-03-09 23:43:07'),
('35', '11', '55', '4', '2026-03-09', NULL, '2026-03-09 23:43:07'),
('36', '9', '61', '1', '2026-03-09', NULL, '2026-03-09 23:43:07'),
('37', '76', '35', '3', '2026-03-09', NULL, '2026-03-09 23:43:07'),
('38', '9', '36', '2', '2026-03-09', NULL, '2026-03-09 23:43:07'),
('39', '57', '15', '4', '2026-03-09', NULL, '2026-03-09 23:43:07'),
('40', '57', '99', '2', '2026-03-09', NULL, '2026-03-09 23:43:07'),
('41', '52', '81', '4', '2026-03-09', NULL, '2026-03-09 23:43:07'),
('42', '74', '27', '1', '2026-03-09', NULL, '2026-03-09 23:43:07'),
('43', '33', '97', '5', '2026-03-09', NULL, '2026-03-09 23:43:07'),
('44', '36', '25', '1', '2026-03-09', NULL, '2026-03-09 23:43:07'),
('45', '31', '2', '4', '2026-03-09', NULL, '2026-03-09 23:43:07'),
('46', '33', '41', '4', '2026-03-09', NULL, '2026-03-09 23:43:07'),
('47', '57', '1', '5', '2026-03-09', NULL, '2026-03-09 23:43:07'),
('48', '67', '30', '4', '2026-03-09', NULL, '2026-03-09 23:43:07'),
('49', '72', '100', '1', '2026-03-09', NULL, '2026-03-09 23:43:07'),
('50', '63', '68', '4', '2026-03-09', NULL, '2026-03-09 23:43:07'),
('51', '65', '45', '3', '2026-03-09', NULL, '2026-03-09 23:43:07'),
('52', '77', '99', '1', '2026-03-09', NULL, '2026-03-09 23:43:07'),
('53', '9', '22', '4', '2026-03-09', NULL, '2026-03-09 23:43:07'),
('54', '30', '96', '2', '2026-03-09', NULL, '2026-03-09 23:43:07'),
('55', '37', '100', '3', '2026-03-09', NULL, '2026-03-09 23:43:07'),
('56', '90', '100', '3', '2026-03-09', NULL, '2026-03-09 23:43:07'),
('57', '19', '47', '3', '2026-03-09', NULL, '2026-03-09 23:43:07'),
('58', '53', '49', '5', '2026-03-09', NULL, '2026-03-09 23:43:07'),
('59', '94', '71', '2', '2026-03-09', NULL, '2026-03-09 23:43:07'),
('60', '67', '56', '2', '2026-03-09', NULL, '2026-03-09 23:43:07'),
('61', '19', '93', '4', '2026-03-09', NULL, '2026-03-09 23:43:07'),
('62', '33', '26', '5', '2026-03-09', NULL, '2026-03-09 23:43:07'),
('63', '33', '36', '3', '2026-03-09', NULL, '2026-03-09 23:43:07'),
('64', '30', '72', '4', '2026-03-09', NULL, '2026-03-09 23:43:07'),
('65', '49', '99', '2', '2026-03-09', NULL, '2026-03-09 23:43:07'),
('66', '44', '25', '5', '2026-03-09', NULL, '2026-03-09 23:43:07'),
('67', '12', '5', '4', '2026-03-09', NULL, '2026-03-09 23:43:07'),
('68', '83', '16', '3', '2026-03-09', NULL, '2026-03-09 23:43:07'),
('69', '43', '3', '4', '2026-03-09', NULL, '2026-03-09 23:43:07'),
('70', '38', '54', '1', '2026-03-09', NULL, '2026-03-09 23:43:07'),
('71', '51', '79', '1', '2026-03-09', NULL, '2026-03-09 23:43:07'),
('72', '64', '85', '1', '2026-03-09', NULL, '2026-03-09 23:43:07'),
('73', '38', '34', '5', '2026-03-09', NULL, '2026-03-09 23:43:07'),
('74', '73', '14', '1', '2026-03-09', NULL, '2026-03-09 23:43:07'),
('75', '47', '89', '4', '2026-03-09', NULL, '2026-03-09 23:43:07'),
('76', '24', '65', '2', '2026-03-09', NULL, '2026-03-09 23:43:07'),
('77', '36', '61', '2', '2026-03-09', NULL, '2026-03-09 23:43:07'),
('78', '78', '49', '4', '2026-03-09', NULL, '2026-03-09 23:43:07'),
('79', '99', '93', '4', '2026-03-09', NULL, '2026-03-09 23:43:07'),
('80', '94', '75', '5', '2026-03-09', NULL, '2026-03-09 23:43:07'),
('81', '3', '92', '5', '2026-03-09', NULL, '2026-03-09 23:43:07'),
('82', '59', '13', '1', '2026-03-09', NULL, '2026-03-09 23:43:07'),
('83', '93', '91', '3', '2026-03-09', NULL, '2026-03-09 23:43:07'),
('84', '36', '73', '4', '2026-03-09', NULL, '2026-03-09 23:43:07'),
('85', '36', '65', '4', '2026-03-09', NULL, '2026-03-09 23:43:07'),
('86', '71', '39', '1', '2026-03-09', NULL, '2026-03-09 23:43:07'),
('87', '46', '56', '1', '2026-03-09', NULL, '2026-03-09 23:43:07'),
('88', '23', '9', '1', '2026-03-09', NULL, '2026-03-09 23:43:07'),
('89', '63', '3', '4', '2026-03-09', NULL, '2026-03-09 23:43:07'),
('90', '23', '45', '3', '2026-03-09', NULL, '2026-03-09 23:43:07'),
('91', '68', '94', '1', '2026-03-09', NULL, '2026-03-09 23:43:07'),
('92', '70', '46', '4', '2026-03-09', NULL, '2026-03-09 23:43:07'),
('93', '55', '53', '5', '2026-03-09', NULL, '2026-03-09 23:43:07'),
('94', '15', '44', '1', '2026-03-09', NULL, '2026-03-09 23:43:07'),
('95', '37', '84', '3', '2026-03-09', NULL, '2026-03-09 23:43:07'),
('96', '68', '22', '3', '2026-03-09', NULL, '2026-03-09 23:43:07'),
('97', '7', '96', '2', '2026-03-09', NULL, '2026-03-09 23:43:07'),
('98', '29', '5', '4', '2026-03-09', NULL, '2026-03-09 23:43:07'),
('99', '65', '21', '5', '2026-03-09', NULL, '2026-03-09 23:43:07'),
('100', '46', '23', '2', '2026-03-09', NULL, '2026-03-09 23:43:07');

-- Table: `medicines`
DROP TABLE IF EXISTS `medicines`;
CREATE TABLE `medicines` (
  `id` int unsigned NOT NULL AUTO_INCREMENT,
  `category_id` int unsigned DEFAULT NULL,
  `name` varchar(150) NOT NULL,
  `description` text,
  `stock_qty` int NOT NULL DEFAULT '0',
  `reorder_level` int NOT NULL DEFAULT '10',
  `unit` varchar(50) DEFAULT 'pcs',
  `expiration_date` date DEFAULT NULL,
  `created_at` timestamp NULL DEFAULT CURRENT_TIMESTAMP,
  `updated_at` timestamp NULL DEFAULT CURRENT_TIMESTAMP ON UPDATE CURRENT_TIMESTAMP,
  PRIMARY KEY (`id`),
  UNIQUE KEY `uk_name` (`name`),
  KEY `idx_category_id` (`category_id`),
  KEY `idx_stock_qty` (`stock_qty`),
  KEY `idx_reorder_level` (`reorder_level`),
  KEY `idx_expiration_date` (`expiration_date`)
) ENGINE=InnoDB AUTO_INCREMENT=101 DEFAULT CHARSET=utf8mb4 COLLATE=utf8mb4_0900_ai_ci;

INSERT INTO `medicines` VALUES
('1', '9', 'Medicine 1', NULL, '340', '10', 'pcs', '2028-10-24', '2026-03-09 23:43:07', '2026-03-09 23:43:07'),
('2', '2', 'Medicine 2', NULL, '242', '10', 'pcs', '2026-12-13', '2026-03-09 23:43:07', '2026-03-09 23:43:07'),
('3', '1', 'Medicine 3', NULL, '204', '10', 'pcs', '2028-07-31', '2026-03-09 23:43:07', '2026-03-09 23:43:07'),
('4', '3', 'Medicine 4', NULL, '254', '10', 'pcs', '2028-08-30', '2026-03-09 23:43:07', '2026-03-09 23:43:07'),
('5', '3', 'Medicine 5', NULL, '231', '10', 'pcs', '2026-01-28', '2026-03-09 23:43:07', '2026-03-09 23:43:07'),
('6', '5', 'Medicine 6', NULL, '223', '10', 'pcs', '2026-06-17', '2026-03-09 23:43:07', '2026-03-09 23:43:07'),
('7', '6', 'Medicine 7', NULL, '205', '10', 'pcs', '2025-02-07', '2026-03-09 23:43:07', '2026-03-09 23:43:07'),
('8', '2', 'Medicine 8', NULL, '230', '10', 'pcs', '2028-11-14', '2026-03-09 23:43:07', '2026-03-09 23:43:07'),
('9', '6', 'Medicine 9', NULL, '193', '10', 'pcs', '2026-08-23', '2026-03-09 23:43:07', '2026-03-09 23:43:07'),
('10', '7', 'Medicine 10', NULL, '238', '10', 'pcs', '2026-02-25', '2026-03-09 23:43:07', '2026-03-09 23:43:07'),
('11', '7', 'Medicine 11', NULL, '441', '10', 'pcs', '2025-04-26', '2026-03-09 23:43:07', '2026-03-09 23:43:07'),
('12', '8', 'Medicine 12', NULL, '262', '10', 'pcs', '2026-03-13', '2026-03-09 23:43:07', '2026-03-09 23:43:07'),
('13', '4', 'Medicine 13', NULL, '232', '10', 'pcs', '2025-12-12', '2026-03-09 23:43:07', '2026-03-09 23:43:07'),
('14', '5', 'Medicine 14', NULL, '399', '10', 'pcs', '2027-06-23', '2026-03-09 23:43:07', '2026-03-09 23:43:07'),
('15', '1', 'Medicine 15', NULL, '143', '10', 'pcs', '2025-05-11', '2026-03-09 23:43:07', '2026-03-09 23:43:07'),
('16', '5', 'Medicine 16', NULL, '137', '10', 'pcs', '2027-02-06', '2026-03-09 23:43:07', '2026-03-09 23:43:07'),
('17', '8', 'Medicine 17', NULL, '166', '10', 'pcs', '2026-07-29', '2026-03-09 23:43:07', '2026-03-09 23:43:07'),
('18', '1', 'Medicine 18', NULL, '408', '10', 'pcs', '2025-04-05', '2026-03-09 23:43:07', '2026-03-09 23:43:07'),
('19', '7', 'Medicine 19', NULL, '34', '10', 'pcs', '2027-02-05', '2026-03-09 23:43:07', '2026-03-09 23:43:07'),
('20', '5', 'Medicine 20', NULL, '180', '10', 'pcs', '2026-07-10', '2026-03-09 23:43:07', '2026-03-09 23:43:07'),
('21', '9', 'Medicine 21', NULL, '177', '10', 'pcs', '2025-07-24', '2026-03-09 23:43:07', '2026-03-09 23:43:07'),
('22', '9', 'Medicine 22', NULL, '318', '10', 'pcs', '2028-08-13', '2026-03-09 23:43:07', '2026-03-09 23:43:07'),
('23', '9', 'Medicine 23', NULL, '199', '10', 'pcs', '2028-06-18', '2026-03-09 23:43:07', '2026-03-09 23:43:07'),
('24', '1', 'Medicine 24', NULL, '304', '10', 'pcs', '2025-11-11', '2026-03-09 23:43:07', '2026-03-09 23:43:07'),
('25', '2', 'Medicine 25', NULL, '491', '10', 'pcs', '2025-04-09', '2026-03-09 23:43:07', '2026-03-09 23:43:07'),
('26', '5', 'Medicine 26', NULL, '332', '10', 'pcs', '2027-06-06', '2026-03-09 23:43:07', '2026-03-09 23:43:07'),
('27', '9', 'Medicine 27', NULL, '115', '10', 'pcs', '2027-11-16', '2026-03-09 23:43:07', '2026-03-09 23:43:07'),
('28', '3', 'Medicine 28', NULL, '500', '10', 'pcs', '2027-07-22', '2026-03-09 23:43:07', '2026-03-09 23:43:07'),
('29', '8', 'Medicine 29', NULL, '327', '10', 'pcs', '2025-08-22', '2026-03-09 23:43:07', '2026-03-09 23:43:07'),
('30', '2', 'Medicine 30', NULL, '133', '10', 'pcs', '2027-12-22', '2026-03-09 23:43:07', '2026-03-09 23:43:07'),
('31', '5', 'Medicine 31', NULL, '340', '10', 'pcs', '2028-08-22', '2026-03-09 23:43:07', '2026-03-09 23:43:07'),
('32', '4', 'Medicine 32', NULL, '409', '10', 'pcs', '2027-06-21', '2026-03-09 23:43:07', '2026-03-09 23:43:07'),
('33', '10', 'Medicine 33', NULL, '63', '10', 'pcs', '2027-12-21', '2026-03-09 23:43:07', '2026-03-09 23:43:07'),
('34', '1', 'Medicine 34', NULL, '340', '10', 'pcs', '2026-03-20', '2026-03-09 23:43:07', '2026-03-09 23:43:07'),
('35', '3', 'Medicine 35', NULL, '268', '10', 'pcs', '2026-02-04', '2026-03-09 23:43:07', '2026-03-09 23:43:07'),
('36', '5', 'Medicine 36', NULL, '135', '10', 'pcs', '2027-05-20', '2026-03-09 23:43:07', '2026-03-09 23:43:07'),
('37', '6', 'Medicine 37', NULL, '126', '10', 'pcs', '2027-10-05', '2026-03-09 23:43:07', '2026-03-09 23:43:07'),
('38', '2', 'Medicine 38', NULL, '398', '10', 'pcs', '2025-07-03', '2026-03-09 23:43:07', '2026-03-09 23:43:07'),
('39', '5', 'Medicine 39', NULL, '284', '10', 'pcs', '2026-10-07', '2026-03-09 23:43:07', '2026-03-09 23:43:07'),
('40', '8', 'Medicine 40', NULL, '57', '10', 'pcs', '2025-08-12', '2026-03-09 23:43:07', '2026-03-09 23:43:07'),
('41', '1', 'Medicine 41', NULL, '215', '10', 'pcs', '2027-10-23', '2026-03-09 23:43:07', '2026-03-09 23:43:07'),
('42', '9', 'Medicine 42', NULL, '265', '10', 'pcs', '2027-12-01', '2026-03-09 23:43:07', '2026-03-09 23:43:07'),
('43', '4', 'Medicine 43', NULL, '70', '10', 'pcs', '2027-03-27', '2026-03-09 23:43:07', '2026-03-09 23:43:07'),
('44', '9', 'Medicine 44', NULL, '337', '10', 'pcs', '2027-05-31', '2026-03-09 23:43:07', '2026-03-09 23:43:07'),
('45', '3', 'Medicine 45', NULL, '422', '10', 'pcs', '2025-04-15', '2026-03-09 23:43:07', '2026-03-09 23:43:07'),
('46', '6', 'Medicine 46', NULL, '388', '10', 'pcs', '2027-12-10', '2026-03-09 23:43:07', '2026-03-09 23:43:07'),
('47', '2', 'Medicine 47', NULL, '221', '10', 'pcs', '2026-07-03', '2026-03-09 23:43:07', '2026-03-09 23:43:07'),
('48', '8', 'Medicine 48', NULL, '207', '10', 'pcs', '2027-03-17', '2026-03-09 23:43:07', '2026-03-09 23:43:07'),
('49', '10', 'Medicine 49', NULL, '212', '10', 'pcs', '2026-12-04', '2026-03-09 23:43:07', '2026-03-09 23:43:07'),
('50', '7', 'Medicine 50', NULL, '49', '10', 'pcs', '2028-02-25', '2026-03-09 23:43:07', '2026-03-09 23:43:07'),
('51', '3', 'Medicine 51', NULL, '384', '10', 'pcs', '2025-01-03', '2026-03-09 23:43:07', '2026-03-09 23:43:07'),
('52', '4', 'Medicine 52', NULL, '445', '10', 'pcs', '2025-12-19', '2026-03-09 23:43:07', '2026-03-09 23:43:07'),
('53', '7', 'Medicine 53', NULL, '309', '10', 'pcs', '2026-08-19', '2026-03-09 23:43:07', '2026-03-09 23:43:07'),
('54', '6', 'Medicine 54', NULL, '324', '10', 'pcs', '2026-02-07', '2026-03-09 23:43:07', '2026-03-09 23:43:07'),
('55', '6', 'Medicine 55', NULL, '55', '10', 'pcs', '2025-01-23', '2026-03-09 23:43:07', '2026-03-09 23:43:07'),
('56', '10', 'Medicine 56', NULL, '495', '10', 'pcs', '2025-12-02', '2026-03-09 23:43:07', '2026-03-09 23:43:07'),
('57', '1', 'Medicine 57', NULL, '136', '10', 'pcs', '2025-08-15', '2026-03-09 23:43:07', '2026-03-09 23:43:07'),
('58', '6', 'Medicine 58', NULL, '143', '10', 'pcs', '2027-05-29', '2026-03-09 23:43:07', '2026-03-09 23:43:07'),
('59', '10', 'Medicine 59', NULL, '64', '10', 'pcs', '2025-03-23', '2026-03-09 23:43:07', '2026-03-09 23:43:07'),
('60', '7', 'Medicine 60', NULL, '295', '10', 'pcs', '2026-07-19', '2026-03-09 23:43:07', '2026-03-09 23:43:07'),
('61', '1', 'Medicine 61', NULL, '10', '10', 'pcs', '2025-05-20', '2026-03-09 23:43:07', '2026-03-09 23:43:07'),
('62', '1', 'Medicine 62', NULL, '473', '10', 'pcs', '2028-10-14', '2026-03-09 23:43:07', '2026-03-09 23:43:07'),
('63', '6', 'Medicine 63', NULL, '200', '10', 'pcs', '2028-04-05', '2026-03-09 23:43:07', '2026-03-09 23:43:07'),
('64', '10', 'Medicine 64', NULL, '384', '10', 'pcs', '2027-06-28', '2026-03-09 23:43:07', '2026-03-09 23:43:07'),
('65', '10', 'Medicine 65', NULL, '323', '10', 'pcs', '2027-08-27', '2026-03-09 23:43:07', '2026-03-09 23:43:07'),
('66', '6', 'Medicine 66', NULL, '130', '10', 'pcs', '2027-10-05', '2026-03-09 23:43:07', '2026-03-09 23:43:07'),
('67', '7', 'Medicine 67', NULL, '189', '10', 'pcs', '2025-11-02', '2026-03-09 23:43:07', '2026-03-09 23:43:07'),
('68', '6', 'Medicine 68', NULL, '450', '10', 'pcs', '2027-03-16', '2026-03-09 23:43:07', '2026-03-09 23:43:07'),
('69', '5', 'Medicine 69', NULL, '207', '10', 'pcs', '2027-08-30', '2026-03-09 23:43:07', '2026-03-09 23:43:07'),
('70', '4', 'Medicine 70', NULL, '256', '10', 'pcs', '2026-06-10', '2026-03-09 23:43:07', '2026-03-09 23:43:07'),
('71', '1', 'Medicine 71', NULL, '341', '10', 'pcs', '2025-01-31', '2026-03-09 23:43:07', '2026-03-09 23:43:07'),
('72', '9', 'Medicine 72', NULL, '464', '10', 'pcs', '2026-12-15', '2026-03-09 23:43:07', '2026-03-09 23:43:07'),
('73', '3', 'Medicine 73', NULL, '411', '10', 'pcs', '2028-03-15', '2026-03-09 23:43:07', '2026-03-09 23:43:07'),
('74', '5', 'Medicine 74', NULL, '173', '10', 'pcs', '2027-06-10', '2026-03-09 23:43:07', '2026-03-09 23:43:07'),
('75', '5', 'Medicine 75', NULL, '207', '10', 'pcs', '2026-07-14', '2026-03-09 23:43:07', '2026-03-09 23:43:07'),
('76', '6', 'Medicine 76', NULL, '182', '10', 'pcs', '2028-10-04', '2026-03-09 23:43:07', '2026-03-09 23:43:07'),
('77', '8', 'Medicine 77', NULL, '267', '10', 'pcs', '2026-03-02', '2026-03-09 23:43:07', '2026-03-09 23:43:07'),
('78', '1', 'Medicine 78', NULL, '149', '10', 'pcs', '2028-06-07', '2026-03-09 23:43:07', '2026-03-09 23:43:07'),
('79', '3', 'Medicine 79', NULL, '182', '10', 'pcs', '2026-06-05', '2026-03-09 23:43:07', '2026-03-09 23:43:07'),
('80', '3', 'Medicine 80', NULL, '238', '10', 'pcs', '2025-10-23', '2026-03-09 23:43:07', '2026-03-09 23:43:07'),
('81', '1', 'Medicine 81', NULL, '485', '10', 'pcs', '2025-06-19', '2026-03-09 23:43:07', '2026-03-09 23:43:07'),
('82', '6', 'Medicine 82', NULL, '50', '10', 'pcs', '2027-10-12', '2026-03-09 23:43:07', '2026-03-09 23:43:07'),
('83', '2', 'Medicine 83', NULL, '414', '10', 'pcs', '2027-12-19', '2026-03-09 23:43:07', '2026-03-09 23:43:07'),
('84', '5', 'Medicine 84', NULL, '213', '10', 'pcs', '2027-08-02', '2026-03-09 23:43:07', '2026-03-09 23:43:07'),
('85', '2', 'Medicine 85', NULL, '312', '10', 'pcs', '2027-02-17', '2026-03-09 23:43:07', '2026-03-09 23:43:07'),
('86', '9', 'Medicine 86', NULL, '19', '10', 'pcs', '2028-09-28', '2026-03-09 23:43:07', '2026-03-09 23:43:07'),
('87', '8', 'Medicine 87', NULL, '246', '10', 'pcs', '2026-08-24', '2026-03-09 23:43:07', '2026-03-09 23:43:07'),
('88', '8', 'Medicine 88', NULL, '112', '10', 'pcs', '2028-09-05', '2026-03-09 23:43:07', '2026-03-09 23:43:07'),
('89', '1', 'Medicine 89', NULL, '449', '10', 'pcs', '2025-10-30', '2026-03-09 23:43:07', '2026-03-09 23:43:07'),
('90', '2', 'Medicine 90', NULL, '332', '10', 'pcs', '2028-01-10', '2026-03-09 23:43:07', '2026-03-09 23:43:07'),
('91', '10', 'Medicine 91', NULL, '174', '10', 'pcs', '2027-08-04', '2026-03-09 23:43:07', '2026-03-09 23:43:07'),
('92', '9', 'Medicine 92', NULL, '178', '10', 'pcs', '2025-05-04', '2026-03-09 23:43:07', '2026-03-09 23:43:07'),
('93', '9', 'Medicine 93', NULL, '270', '10', 'pcs', '2026-01-30', '2026-03-09 23:43:07', '2026-03-09 23:43:07'),
('94', '3', 'Medicine 94', NULL, '236', '10', 'pcs', '2027-05-15', '2026-03-09 23:43:07', '2026-03-09 23:43:07'),
('95', '5', 'Medicine 95', NULL, '98', '10', 'pcs', '2027-04-13', '2026-03-09 23:43:07', '2026-03-09 23:43:07'),
('96', '3', 'Medicine 96', NULL, '210', '10', 'pcs', '2027-10-17', '2026-03-09 23:43:07', '2026-03-09 23:43:07'),
('97', '6', 'Medicine 97', NULL, '398', '10', 'pcs', '2028-09-29', '2026-03-09 23:43:07', '2026-03-09 23:43:07'),
('98', '4', 'Medicine 98', NULL, '290', '10', 'pcs', '2026-04-13', '2026-03-09 23:43:07', '2026-03-09 23:43:07'),
('99', '8', 'Medicine 99', NULL, '78', '10', 'pcs', '2028-06-03', '2026-03-09 23:43:07', '2026-03-09 23:43:07'),
('100', '1', 'Medicine 100', NULL, '411', '10', 'pcs', '2027-10-24', '2026-03-09 23:43:07', '2026-03-09 23:43:07');

-- Table: `officers`
DROP TABLE IF EXISTS `officers`;
CREATE TABLE `officers` (
  `id` int unsigned NOT NULL AUTO_INCREMENT,
  `user_id` int DEFAULT NULL,
  `resident_id` int unsigned DEFAULT NULL,
  `position` varchar(150) NOT NULL,
  `term_start` date NOT NULL,
  `term_end` date NOT NULL,
  `status` enum('Active','Inactive') DEFAULT 'Active',
  `created_at` timestamp NULL DEFAULT CURRENT_TIMESTAMP,
  `updated_at` timestamp NULL DEFAULT CURRENT_TIMESTAMP ON UPDATE CURRENT_TIMESTAMP,
  `archived_at` timestamp NULL DEFAULT NULL,
  PRIMARY KEY (`id`),
  KEY `fk_officer_resident` (`resident_id`),
  KEY `idx_archived_at` (`archived_at`),
  KEY `fk_officer_user` (`user_id`),
  CONSTRAINT `fk_officer_resident` FOREIGN KEY (`resident_id`) REFERENCES `residents` (`id`) ON DELETE SET NULL ON UPDATE CASCADE,
  CONSTRAINT `fk_officer_user` FOREIGN KEY (`user_id`) REFERENCES `users` (`id`) ON DELETE SET NULL ON UPDATE CASCADE
) ENGINE=InnoDB DEFAULT CHARSET=utf8mb4 COLLATE=utf8mb4_0900_ai_ci;

-- Table: `residents`
DROP TABLE IF EXISTS `residents`;
CREATE TABLE `residents` (
  `id` int unsigned NOT NULL AUTO_INCREMENT,
  `household_id` int unsigned DEFAULT NULL,
  `first_name` varchar(100) NOT NULL,
  `middle_name` varchar(100) DEFAULT NULL,
  `last_name` varchar(100) NOT NULL,
  `suffix` varchar(10) DEFAULT NULL,
  `gender` enum('Male','Female') NOT NULL,
  `birthdate` date NOT NULL,
  `birthplace` varchar(255) DEFAULT NULL,
  `civil_status` enum('Single','Married','Widowed','Separated') DEFAULT 'Single',
  `religion` varchar(100) DEFAULT NULL,
  `occupation` varchar(150) DEFAULT NULL,
  `citizenship` varchar(100) DEFAULT 'Filipino',
  `contact_no` varchar(20) DEFAULT NULL,
  `address` varchar(100) DEFAULT NULL,
  `voter_status` enum('Yes','No') DEFAULT 'No',
  `disability_status` enum('Yes','No') DEFAULT 'No',
  `remarks` text,
  `created_at` timestamp NULL DEFAULT CURRENT_TIMESTAMP,
  `updated_at` timestamp NULL DEFAULT CURRENT_TIMESTAMP ON UPDATE CURRENT_TIMESTAMP,
  `deleted_at` timestamp NULL DEFAULT NULL,
  PRIMARY KEY (`id`),
  KEY `fk_resident_household` (`household_id`),
  KEY `idx_deleted_at` (`deleted_at`),
  CONSTRAINT `fk_resident_household` FOREIGN KEY (`household_id`) REFERENCES `households` (`id`) ON DELETE SET NULL ON UPDATE CASCADE
) ENGINE=InnoDB AUTO_INCREMENT=101 DEFAULT CHARSET=utf8mb4 COLLATE=utf8mb4_0900_ai_ci;

INSERT INTO `residents` VALUES
('1', NULL, 'Carla', NULL, 'Torres', NULL, 'Male', '1980-12-12', NULL, 'Single', 'Catholic', 'Worker', 'Filipino', '09321981313', 'Barangay Bombongan', 'No', 'No', NULL, '2026-03-09 23:43:07', '2026-03-09 23:43:07', NULL),
('2', NULL, 'Liza', NULL, 'Lopez', NULL, 'Female', '1986-01-16', NULL, 'Single', 'Catholic', 'Worker', 'Filipino', '09306644964', 'Barangay Bombongan', 'No', 'No', NULL, '2026-03-09 23:43:07', '2026-03-09 23:43:07', NULL),
('3', NULL, 'Maria', NULL, 'Torres', NULL, 'Male', '2002-06-24', NULL, 'Single', 'Catholic', 'Worker', 'Filipino', '09391917021', 'Barangay Bombongan', 'No', 'No', NULL, '2026-03-09 23:43:07', '2026-03-09 23:43:07', NULL),
('4', NULL, 'Ramon', NULL, 'Garcia', NULL, 'Female', '2008-11-11', NULL, 'Single', 'Catholic', 'Worker', 'Filipino', '09339429273', 'Barangay Bombongan', 'No', 'No', NULL, '2026-03-09 23:43:07', '2026-03-09 23:43:07', NULL),
('5', NULL, 'Juan', NULL, 'Garcia', NULL, 'Male', '2001-10-24', NULL, 'Single', 'Catholic', 'Worker', 'Filipino', '09990905747', 'Barangay Bombongan', 'No', 'No', NULL, '2026-03-09 23:43:07', '2026-03-09 23:43:07', NULL),
('6', NULL, 'Luis', NULL, 'Dela Cruz', NULL, 'Male', '1994-11-27', NULL, 'Single', 'Catholic', 'Worker', 'Filipino', '09662782075', 'Barangay Bombongan', 'No', 'No', NULL, '2026-03-09 23:43:07', '2026-03-09 23:43:07', NULL),
('7', NULL, 'Pedro', NULL, 'Rizal', NULL, 'Male', '2002-05-22', NULL, 'Single', 'Catholic', 'Worker', 'Filipino', '09952407699', 'Barangay Bombongan', 'No', 'No', NULL, '2026-03-09 23:43:07', '2026-03-09 23:43:07', NULL),
('8', NULL, 'Maria', NULL, 'Torres', NULL, 'Male', '2007-06-28', NULL, 'Single', 'Catholic', 'Worker', 'Filipino', '09449510566', 'Barangay Bombongan', 'No', 'No', NULL, '2026-03-09 23:43:07', '2026-03-09 23:43:07', NULL),
('9', NULL, 'Ramon', NULL, 'Garcia', NULL, 'Male', '1994-12-30', NULL, 'Single', 'Catholic', 'Worker', 'Filipino', '09653191235', 'Barangay Bombongan', 'No', 'No', NULL, '2026-03-09 23:43:07', '2026-03-09 23:43:07', NULL),
('10', NULL, 'Ana', NULL, 'Dela Cruz', NULL, 'Male', '1985-03-09', NULL, 'Single', 'Catholic', 'Worker', 'Filipino', '09859864326', 'Barangay Bombongan', 'No', 'No', NULL, '2026-03-09 23:43:07', '2026-03-09 23:43:07', NULL),
('11', NULL, 'Maria', NULL, 'Mendoza', NULL, 'Male', '1982-04-29', NULL, 'Single', 'Catholic', 'Worker', 'Filipino', '09775985576', 'Barangay Bombongan', 'No', 'No', NULL, '2026-03-09 23:43:07', '2026-03-09 23:43:07', NULL),
('12', NULL, 'Juan', NULL, 'Torres', NULL, 'Female', '2000-01-14', NULL, 'Single', 'Catholic', 'Worker', 'Filipino', '09372737691', 'Barangay Bombongan', 'No', 'No', NULL, '2026-03-09 23:43:07', '2026-03-09 23:43:07', NULL),
('13', NULL, 'Carla', NULL, 'Santos', NULL, 'Female', '2009-04-22', NULL, 'Single', 'Catholic', 'Worker', 'Filipino', '09379687919', 'Barangay Bombongan', 'No', 'No', NULL, '2026-03-09 23:43:07', '2026-03-09 23:43:07', NULL),
('14', NULL, 'Liza', NULL, 'Reyes', NULL, 'Female', '1986-10-11', NULL, 'Single', 'Catholic', 'Worker', 'Filipino', '09664362694', 'Barangay Bombongan', 'No', 'No', NULL, '2026-03-09 23:43:07', '2026-03-09 23:43:07', NULL),
('15', NULL, 'Pedro', NULL, 'Santos', NULL, 'Male', '1999-07-03', NULL, 'Single', 'Catholic', 'Worker', 'Filipino', '09992615227', 'Barangay Bombongan', 'No', 'No', NULL, '2026-03-09 23:43:07', '2026-03-09 23:43:07', NULL),
('16', NULL, 'Ramon', NULL, 'Reyes', NULL, 'Male', '2003-02-10', NULL, 'Single', 'Catholic', 'Worker', 'Filipino', '09302795790', 'Barangay Bombongan', 'No', 'No', NULL, '2026-03-09 23:43:07', '2026-03-09 23:43:07', NULL),
('17', NULL, 'Maria', NULL, 'Reyes', NULL, 'Female', '1980-07-19', NULL, 'Single', 'Catholic', 'Worker', 'Filipino', '09603995265', 'Barangay Bombongan', 'No', 'No', NULL, '2026-03-09 23:43:07', '2026-03-09 23:43:07', NULL),
('18', NULL, 'Juan', NULL, 'Santos', NULL, 'Female', '1984-10-06', NULL, 'Single', 'Catholic', 'Worker', 'Filipino', '09625166891', 'Barangay Bombongan', 'No', 'No', NULL, '2026-03-09 23:43:07', '2026-03-09 23:43:07', NULL),
('19', NULL, 'Carla', NULL, 'Torres', NULL, 'Male', '1993-01-02', NULL, 'Single', 'Catholic', 'Worker', 'Filipino', '09800127628', 'Barangay Bombongan', 'No', 'No', NULL, '2026-03-09 23:43:07', '2026-03-09 23:43:07', NULL),
('20', NULL, 'Maria', NULL, 'Rizal', NULL, 'Female', '1999-09-20', NULL, 'Single', 'Catholic', 'Worker', 'Filipino', '09198364672', 'Barangay Bombongan', 'No', 'No', NULL, '2026-03-09 23:43:07', '2026-03-09 23:43:07', NULL),
('21', NULL, 'Ramon', NULL, 'Diaz', NULL, 'Male', '1993-11-21', NULL, 'Single', 'Catholic', 'Worker', 'Filipino', '09124623848', 'Barangay Bombongan', 'No', 'No', NULL, '2026-03-09 23:43:07', '2026-03-09 23:43:07', NULL),
('22', NULL, 'Liza', NULL, 'Lopez', NULL, 'Female', '1991-06-26', NULL, 'Single', 'Catholic', 'Worker', 'Filipino', '09504552294', 'Barangay Bombongan', 'No', 'No', NULL, '2026-03-09 23:43:07', '2026-03-09 23:43:07', NULL),
('23', NULL, 'Jose', NULL, 'Diaz', NULL, 'Male', '2001-07-24', NULL, 'Single', 'Catholic', 'Worker', 'Filipino', '09862857448', 'Barangay Bombongan', 'No', 'No', NULL, '2026-03-09 23:43:07', '2026-03-09 23:43:07', NULL),
('24', NULL, 'Maria', NULL, 'Diaz', NULL, 'Male', '1990-11-24', NULL, 'Single', 'Catholic', 'Worker', 'Filipino', '09814613237', 'Barangay Bombongan', 'No', 'No', NULL, '2026-03-09 23:43:07', '2026-03-09 23:43:07', NULL),
('25', NULL, 'Luis', NULL, 'Reyes', NULL, 'Female', '1981-04-21', NULL, 'Single', 'Catholic', 'Worker', 'Filipino', '09632007553', 'Barangay Bombongan', 'No', 'No', NULL, '2026-03-09 23:43:07', '2026-03-09 23:43:07', NULL),
('26', NULL, 'Jose', NULL, 'Dela Cruz', NULL, 'Male', '2012-05-26', NULL, 'Single', 'Catholic', 'Worker', 'Filipino', '09462240686', 'Barangay Bombongan', 'No', 'No', NULL, '2026-03-09 23:43:07', '2026-03-09 23:43:07', NULL),
('27', NULL, 'Jose', NULL, 'Torres', NULL, 'Female', '2006-10-01', NULL, 'Single', 'Catholic', 'Worker', 'Filipino', '09658721415', 'Barangay Bombongan', 'No', 'No', NULL, '2026-03-09 23:43:07', '2026-03-09 23:43:07', NULL),
('28', NULL, 'Liza', NULL, 'Garcia', NULL, 'Male', '1987-02-04', NULL, 'Single', 'Catholic', 'Worker', 'Filipino', '09977593928', 'Barangay Bombongan', 'No', 'No', NULL, '2026-03-09 23:43:07', '2026-03-09 23:43:07', NULL),
('29', NULL, 'Mark', NULL, 'Reyes', NULL, 'Female', '1995-11-23', NULL, 'Single', 'Catholic', 'Worker', 'Filipino', '09959111584', 'Barangay Bombongan', 'No', 'No', NULL, '2026-03-09 23:43:07', '2026-03-09 23:43:07', NULL),
('30', NULL, 'Liza', NULL, 'Rizal', NULL, 'Female', '2003-08-31', NULL, 'Single', 'Catholic', 'Worker', 'Filipino', '09974984526', 'Barangay Bombongan', 'No', 'No', NULL, '2026-03-09 23:43:07', '2026-03-09 23:43:07', NULL),
('31', NULL, 'Juan', NULL, 'Diaz', NULL, 'Male', '1994-02-12', NULL, 'Single', 'Catholic', 'Worker', 'Filipino', '09541010214', 'Barangay Bombongan', 'No', 'No', NULL, '2026-03-09 23:43:07', '2026-03-09 23:43:07', NULL),
('32', NULL, 'Ana', NULL, 'Mendoza', NULL, 'Male', '1986-04-15', NULL, 'Single', 'Catholic', 'Worker', 'Filipino', '09424818871', 'Barangay Bombongan', 'No', 'No', NULL, '2026-03-09 23:43:07', '2026-03-09 23:43:07', NULL),
('33', NULL, 'Maria', NULL, 'Rizal', NULL, 'Male', '1987-09-02', NULL, 'Single', 'Catholic', 'Worker', 'Filipino', '09396850029', 'Barangay Bombongan', 'No', 'No', NULL, '2026-03-09 23:43:07', '2026-03-09 23:43:07', NULL),
('34', NULL, 'Mark', NULL, 'Reyes', NULL, 'Female', '1986-02-02', NULL, 'Single', 'Catholic', 'Worker', 'Filipino', '09387773844', 'Barangay Bombongan', 'No', 'No', NULL, '2026-03-09 23:43:07', '2026-03-09 23:43:07', NULL),
('35', NULL, 'Jose', NULL, 'Rizal', NULL, 'Male', '2015-11-22', NULL, 'Single', 'Catholic', 'Worker', 'Filipino', '09113218717', 'Barangay Bombongan', 'No', 'No', NULL, '2026-03-09 23:43:07', '2026-03-09 23:43:07', NULL),
('36', NULL, 'Ana', NULL, 'Torres', NULL, 'Male', '2014-12-25', NULL, 'Single', 'Catholic', 'Worker', 'Filipino', '09101906461', 'Barangay Bombongan', 'No', 'No', NULL, '2026-03-09 23:43:07', '2026-03-09 23:43:07', NULL),
('37', NULL, 'Carla', NULL, 'Dela Cruz', NULL, 'Male', '1984-12-13', NULL, 'Single', 'Catholic', 'Worker', 'Filipino', '09902920261', 'Barangay Bombongan', 'No', 'No', NULL, '2026-03-09 23:43:07', '2026-03-09 23:43:07', NULL),
('38', NULL, 'Maria', NULL, 'Reyes', NULL, 'Male', '2004-12-13', NULL, 'Single', 'Catholic', 'Worker', 'Filipino', '09104514481', 'Barangay Bombongan', 'No', 'No', NULL, '2026-03-09 23:43:07', '2026-03-09 23:43:07', NULL),
('39', NULL, 'Luis', NULL, 'Dela Cruz', NULL, 'Male', '2009-10-13', NULL, 'Single', 'Catholic', 'Worker', 'Filipino', '09374505340', 'Barangay Bombongan', 'No', 'No', NULL, '2026-03-09 23:43:07', '2026-03-09 23:43:07', NULL),
('40', NULL, 'Juan', NULL, 'Lopez', NULL, 'Male', '2002-01-26', NULL, 'Single', 'Catholic', 'Worker', 'Filipino', '09607990094', 'Barangay Bombongan', 'No', 'No', NULL, '2026-03-09 23:43:07', '2026-03-09 23:43:07', NULL),
('41', NULL, 'Carla', NULL, 'Torres', NULL, 'Male', '1994-08-31', NULL, 'Single', 'Catholic', 'Worker', 'Filipino', '09304155966', 'Barangay Bombongan', 'No', 'No', NULL, '2026-03-09 23:43:07', '2026-03-09 23:43:07', NULL),
('42', NULL, 'Juan', NULL, 'Lopez', NULL, 'Male', '1992-05-05', NULL, 'Single', 'Catholic', 'Worker', 'Filipino', '09397317455', 'Barangay Bombongan', 'No', 'No', NULL, '2026-03-09 23:43:07', '2026-03-09 23:43:07', NULL),
('43', NULL, 'Mark', NULL, 'Reyes', NULL, 'Female', '1999-02-23', NULL, 'Single', 'Catholic', 'Worker', 'Filipino', '09403409963', 'Barangay Bombongan', 'No', 'No', NULL, '2026-03-09 23:43:07', '2026-03-09 23:43:07', NULL),
('44', NULL, 'Maria', NULL, 'Rizal', NULL, 'Female', '1993-02-25', NULL, 'Single', 'Catholic', 'Worker', 'Filipino', '09648208912', 'Barangay Bombongan', 'No', 'No', NULL, '2026-03-09 23:43:07', '2026-03-09 23:43:07', NULL),
('45', NULL, 'Ramon', NULL, 'Lopez', NULL, 'Male', '2012-08-10', NULL, 'Single', 'Catholic', 'Worker', 'Filipino', '09725347742', 'Barangay Bombongan', 'No', 'No', NULL, '2026-03-09 23:43:07', '2026-03-09 23:43:07', NULL),
('46', NULL, 'Ana', NULL, 'Dela Cruz', NULL, 'Male', '1992-02-16', NULL, 'Single', 'Catholic', 'Worker', 'Filipino', '09315282269', 'Barangay Bombongan', 'No', 'No', NULL, '2026-03-09 23:43:07', '2026-03-09 23:43:07', NULL),
('47', NULL, 'Liza', NULL, 'Rizal', NULL, 'Female', '2008-03-07', NULL, 'Single', 'Catholic', 'Worker', 'Filipino', '09865933174', 'Barangay Bombongan', 'No', 'No', NULL, '2026-03-09 23:43:07', '2026-03-09 23:43:07', NULL),
('48', NULL, 'Luis', NULL, 'Lopez', NULL, 'Female', '1990-04-05', NULL, 'Single', 'Catholic', 'Worker', 'Filipino', '09757309288', 'Barangay Bombongan', 'No', 'No', NULL, '2026-03-09 23:43:07', '2026-03-09 23:43:07', NULL),
('49', NULL, 'Pedro', NULL, 'Lopez', NULL, 'Male', '1988-02-26', NULL, 'Single', 'Catholic', 'Worker', 'Filipino', '09128867358', 'Barangay Bombongan', 'No', 'No', NULL, '2026-03-09 23:43:07', '2026-03-09 23:43:07', NULL),
('50', NULL, 'Ramon', NULL, 'Diaz', NULL, 'Female', '1988-11-19', NULL, 'Single', 'Catholic', 'Worker', 'Filipino', '09405045953', 'Barangay Bombongan', 'No', 'No', NULL, '2026-03-09 23:43:07', '2026-03-09 23:43:07', NULL),
('51', NULL, 'Liza', NULL, 'Reyes', NULL, 'Female', '2014-11-29', NULL, 'Single', 'Catholic', 'Worker', 'Filipino', '09969634298', 'Barangay Bombongan', 'No', 'No', NULL, '2026-03-09 23:43:07', '2026-03-09 23:43:07', NULL),
('52', NULL, 'Mark', NULL, 'Lopez', NULL, 'Female', '2013-03-19', NULL, 'Single', 'Catholic', 'Worker', 'Filipino', '09956538340', 'Barangay Bombongan', 'No', 'No', NULL, '2026-03-09 23:43:07', '2026-03-09 23:43:07', NULL),
('53', NULL, 'Ana', NULL, 'Reyes', NULL, 'Male', '2004-05-25', NULL, 'Single', 'Catholic', 'Worker', 'Filipino', '09332021811', 'Barangay Bombongan', 'No', 'No', NULL, '2026-03-09 23:43:07', '2026-03-09 23:43:07', NULL),
('54', NULL, 'Ramon', NULL, 'Rizal', NULL, 'Male', '2003-08-17', NULL, 'Single', 'Catholic', 'Worker', 'Filipino', '09515659246', 'Barangay Bombongan', 'No', 'No', NULL, '2026-03-09 23:43:07', '2026-03-09 23:43:07', NULL),
('55', NULL, 'Luis', NULL, 'Mendoza', NULL, 'Female', '2002-12-23', NULL, 'Single', 'Catholic', 'Worker', 'Filipino', '09840489148', 'Barangay Bombongan', 'No', 'No', NULL, '2026-03-09 23:43:07', '2026-03-09 23:43:07', NULL),
('56', NULL, 'Mark', NULL, 'Dela Cruz', NULL, 'Female', '1986-04-15', NULL, 'Single', 'Catholic', 'Worker', 'Filipino', '09144501117', 'Barangay Bombongan', 'No', 'No', NULL, '2026-03-09 23:43:07', '2026-03-09 23:43:07', NULL),
('57', NULL, 'Maria', NULL, 'Lopez', NULL, 'Male', '1997-06-19', NULL, 'Single', 'Catholic', 'Worker', 'Filipino', '09994640095', 'Barangay Bombongan', 'No', 'No', NULL, '2026-03-09 23:43:07', '2026-03-09 23:43:07', NULL),
('58', NULL, 'Carla', NULL, 'Santos', NULL, 'Male', '2013-02-24', NULL, 'Single', 'Catholic', 'Worker', 'Filipino', '09903699585', 'Barangay Bombongan', 'No', 'No', NULL, '2026-03-09 23:43:07', '2026-03-09 23:43:07', NULL),
('59', NULL, 'Mark', NULL, 'Garcia', NULL, 'Female', '2007-02-01', NULL, 'Single', 'Catholic', 'Worker', 'Filipino', '09247786487', 'Barangay Bombongan', 'No', 'No', NULL, '2026-03-09 23:43:07', '2026-03-09 23:43:07', NULL),
('60', NULL, 'Juan', NULL, 'Torres', NULL, 'Male', '2009-10-28', NULL, 'Single', 'Catholic', 'Worker', 'Filipino', '09911599105', 'Barangay Bombongan', 'No', 'No', NULL, '2026-03-09 23:43:07', '2026-03-09 23:43:07', NULL),
('61', NULL, 'Juan', NULL, 'Garcia', NULL, 'Male', '2004-12-06', NULL, 'Single', 'Catholic', 'Worker', 'Filipino', '09685638371', 'Barangay Bombongan', 'No', 'No', NULL, '2026-03-09 23:43:07', '2026-03-09 23:43:07', NULL),
('62', NULL, 'Ramon', NULL, 'Reyes', NULL, 'Female', '1980-05-16', NULL, 'Single', 'Catholic', 'Worker', 'Filipino', '09463534392', 'Barangay Bombongan', 'No', 'No', NULL, '2026-03-09 23:43:07', '2026-03-09 23:43:07', NULL),
('63', NULL, 'Juan', NULL, 'Rizal', NULL, 'Male', '2008-02-17', NULL, 'Single', 'Catholic', 'Worker', 'Filipino', '09336750752', 'Barangay Bombongan', 'No', 'No', NULL, '2026-03-09 23:43:07', '2026-03-09 23:43:07', NULL),
('64', NULL, 'Ana', NULL, 'Rizal', NULL, 'Male', '1989-09-11', NULL, 'Single', 'Catholic', 'Worker', 'Filipino', '09290222001', 'Barangay Bombongan', 'No', 'No', NULL, '2026-03-09 23:43:07', '2026-03-09 23:43:07', NULL),
('65', NULL, 'Luis', NULL, 'Santos', NULL, 'Female', '1993-12-13', NULL, 'Single', 'Catholic', 'Worker', 'Filipino', '09337369405', 'Barangay Bombongan', 'No', 'No', NULL, '2026-03-09 23:43:07', '2026-03-09 23:43:07', NULL),
('66', NULL, 'Luis', NULL, 'Mendoza', NULL, 'Female', '2002-12-23', NULL, 'Single', 'Catholic', 'Worker', 'Filipino', '09770684500', 'Barangay Bombongan', 'No', 'No', NULL, '2026-03-09 23:43:07', '2026-03-09 23:43:07', NULL),
('67', NULL, 'Jose', NULL, 'Rizal', NULL, 'Male', '1984-08-06', NULL, 'Single', 'Catholic', 'Worker', 'Filipino', '09614027439', 'Barangay Bombongan', 'No', 'No', NULL, '2026-03-09 23:43:07', '2026-03-09 23:43:07', NULL),
('68', NULL, 'Pedro', NULL, 'Lopez', NULL, 'Female', '1991-12-19', NULL, 'Single', 'Catholic', 'Worker', 'Filipino', '09386493554', 'Barangay Bombongan', 'No', 'No', NULL, '2026-03-09 23:43:07', '2026-03-09 23:43:07', NULL),
('69', NULL, 'Maria', NULL, 'Reyes', NULL, 'Female', '2009-03-21', NULL, 'Single', 'Catholic', 'Worker', 'Filipino', '09798554683', 'Barangay Bombongan', 'No', 'No', NULL, '2026-03-09 23:43:07', '2026-03-09 23:43:07', NULL),
('70', NULL, 'Mark', NULL, 'Reyes', NULL, 'Female', '1991-03-28', NULL, 'Single', 'Catholic', 'Worker', 'Filipino', '09469982699', 'Barangay Bombongan', 'No', 'No', NULL, '2026-03-09 23:43:07', '2026-03-09 23:43:07', NULL),
('71', NULL, 'Luis', NULL, 'Garcia', NULL, 'Female', '2004-08-26', NULL, 'Single', 'Catholic', 'Worker', 'Filipino', '09468731264', 'Barangay Bombongan', 'No', 'No', NULL, '2026-03-09 23:43:07', '2026-03-09 23:43:07', NULL),
('72', NULL, 'Jose', NULL, 'Reyes', NULL, 'Male', '1993-02-22', NULL, 'Single', 'Catholic', 'Worker', 'Filipino', '09556715910', 'Barangay Bombongan', 'No', 'No', NULL, '2026-03-09 23:43:07', '2026-03-09 23:43:07', NULL),
('73', NULL, 'Liza', NULL, 'Reyes', NULL, 'Male', '1990-02-14', NULL, 'Single', 'Catholic', 'Worker', 'Filipino', '09595382236', 'Barangay Bombongan', 'No', 'No', NULL, '2026-03-09 23:43:07', '2026-03-09 23:43:07', NULL),
('74', NULL, 'Ramon', NULL, 'Reyes', NULL, 'Male', '1984-04-04', NULL, 'Single', 'Catholic', 'Worker', 'Filipino', '09823287646', 'Barangay Bombongan', 'No', 'No', NULL, '2026-03-09 23:43:07', '2026-03-09 23:43:07', NULL),
('75', NULL, 'Ana', NULL, 'Mendoza', NULL, 'Male', '2001-07-04', NULL, 'Single', 'Catholic', 'Worker', 'Filipino', '09202383722', 'Barangay Bombongan', 'No', 'No', NULL, '2026-03-09 23:43:07', '2026-03-09 23:43:07', NULL),
('76', NULL, 'Jose', NULL, 'Lopez', NULL, 'Male', '2014-10-16', NULL, 'Single', 'Catholic', 'Worker', 'Filipino', '09692473327', 'Barangay Bombongan', 'No', 'No', NULL, '2026-03-09 23:43:07', '2026-03-09 23:43:07', NULL),
('77', NULL, 'Ramon', NULL, 'Reyes', NULL, 'Male', '2003-02-03', NULL, 'Single', 'Catholic', 'Worker', 'Filipino', '09389972377', 'Barangay Bombongan', 'No', 'No', NULL, '2026-03-09 23:43:07', '2026-03-09 23:43:07', NULL),
('78', NULL, 'Mark', NULL, 'Lopez', NULL, 'Female', '1991-09-19', NULL, 'Single', 'Catholic', 'Worker', 'Filipino', '09855977187', 'Barangay Bombongan', 'No', 'No', NULL, '2026-03-09 23:43:07', '2026-03-09 23:43:07', NULL),
('79', NULL, 'Jose', NULL, 'Diaz', NULL, 'Male', '1991-11-24', NULL, 'Single', 'Catholic', 'Worker', 'Filipino', '09927668511', 'Barangay Bombongan', 'No', 'No', NULL, '2026-03-09 23:43:07', '2026-03-09 23:43:07', NULL),
('80', NULL, 'Maria', NULL, 'Dela Cruz', NULL, 'Male', '1992-06-17', NULL, 'Single', 'Catholic', 'Worker', 'Filipino', '09967515955', 'Barangay Bombongan', 'No', 'No', NULL, '2026-03-09 23:43:07', '2026-03-09 23:43:07', NULL),
('81', NULL, 'Pedro', NULL, 'Mendoza', NULL, 'Male', '2004-09-05', NULL, 'Single', 'Catholic', 'Worker', 'Filipino', '09728288752', 'Barangay Bombongan', 'No', 'No', NULL, '2026-03-09 23:43:07', '2026-03-09 23:43:07', NULL),
('82', NULL, 'Liza', NULL, 'Rizal', NULL, 'Female', '2009-08-13', NULL, 'Single', 'Catholic', 'Worker', 'Filipino', '09784367979', 'Barangay Bombongan', 'No', 'No', NULL, '2026-03-09 23:43:07', '2026-03-09 23:43:07', NULL),
('83', NULL, 'Liza', NULL, 'Lopez', NULL, 'Female', '1986-04-06', NULL, 'Single', 'Catholic', 'Worker', 'Filipino', '09128602018', 'Barangay Bombongan', 'No', 'No', NULL, '2026-03-09 23:43:07', '2026-03-09 23:43:07', NULL),
('84', NULL, 'Jose', NULL, 'Santos', NULL, 'Male', '2012-01-31', NULL, 'Single', 'Catholic', 'Worker', 'Filipino', '09965196587', 'Barangay Bombongan', 'No', 'No', NULL, '2026-03-09 23:43:07', '2026-03-09 23:43:07', NULL),
('85', NULL, 'Jose', NULL, 'Dela Cruz', NULL, 'Male', '2015-05-02', NULL, 'Single', 'Catholic', 'Worker', 'Filipino', '09432716552', 'Barangay Bombongan', 'No', 'No', NULL, '2026-03-09 23:43:07', '2026-03-09 23:43:07', NULL),
('86', NULL, 'Maria', NULL, 'Torres', NULL, 'Male', '2007-08-12', NULL, 'Single', 'Catholic', 'Worker', 'Filipino', '09930389257', 'Barangay Bombongan', 'No', 'No', NULL, '2026-03-09 23:43:07', '2026-03-09 23:43:07', NULL),
('87', NULL, 'Ramon', NULL, 'Torres', NULL, 'Male', '2014-06-29', NULL, 'Single', 'Catholic', 'Worker', 'Filipino', '09932082384', 'Barangay Bombongan', 'No', 'No', NULL, '2026-03-09 23:43:07', '2026-03-09 23:43:07', NULL),
('88', NULL, 'Pedro', NULL, 'Dela Cruz', NULL, 'Female', '2009-09-12', NULL, 'Single', 'Catholic', 'Worker', 'Filipino', '09614664583', 'Barangay Bombongan', 'No', 'No', NULL, '2026-03-09 23:43:07', '2026-03-09 23:43:07', NULL),
('89', NULL, 'Ramon', NULL, 'Dela Cruz', NULL, 'Male', '1991-03-13', NULL, 'Single', 'Catholic', 'Worker', 'Filipino', '09299933765', 'Barangay Bombongan', 'No', 'No', NULL, '2026-03-09 23:43:07', '2026-03-09 23:43:07', NULL),
('90', NULL, 'Liza', NULL, 'Reyes', NULL, 'Female', '1986-03-19', NULL, 'Single', 'Catholic', 'Worker', 'Filipino', '09478043947', 'Barangay Bombongan', 'No', 'No', NULL, '2026-03-09 23:43:07', '2026-03-09 23:43:07', NULL),
('91', NULL, 'Luis', NULL, 'Reyes', NULL, 'Male', '1995-06-23', NULL, 'Single', 'Catholic', 'Worker', 'Filipino', '09320897413', 'Barangay Bombongan', 'No', 'No', NULL, '2026-03-09 23:43:07', '2026-03-09 23:43:07', NULL),
('92', NULL, 'Juan', NULL, 'Santos', NULL, 'Male', '1982-08-04', NULL, 'Single', 'Catholic', 'Worker', 'Filipino', '09128179041', 'Barangay Bombongan', 'No', 'No', NULL, '2026-03-09 23:43:07', '2026-03-09 23:43:07', NULL),
('93', NULL, 'Ramon', NULL, 'Santos', NULL, 'Male', '1999-10-25', NULL, 'Single', 'Catholic', 'Worker', 'Filipino', '09816199939', 'Barangay Bombongan', 'No', 'No', NULL, '2026-03-09 23:43:07', '2026-03-09 23:43:07', NULL),
('94', NULL, 'Carla', NULL, 'Santos', NULL, 'Female', '1995-03-16', NULL, 'Single', 'Catholic', 'Worker', 'Filipino', '09565488705', 'Barangay Bombongan', 'No', 'No', NULL, '2026-03-09 23:43:07', '2026-03-09 23:43:07', NULL),
('95', NULL, 'Pedro', NULL, 'Rizal', NULL, 'Female', '2008-06-27', NULL, 'Single', 'Catholic', 'Worker', 'Filipino', '09260121212', 'Barangay Bombongan', 'No', 'No', NULL, '2026-03-09 23:43:07', '2026-03-09 23:43:07', NULL),
('96', NULL, 'Juan', NULL, 'Diaz', NULL, 'Male', '1986-12-18', NULL, 'Single', 'Catholic', 'Worker', 'Filipino', '09458292807', 'Barangay Bombongan', 'No', 'No', NULL, '2026-03-09 23:43:07', '2026-03-09 23:43:07', NULL),
('97', NULL, 'Pedro', NULL, 'Rizal', NULL, 'Male', '1997-01-19', NULL, 'Single', 'Catholic', 'Worker', 'Filipino', '09243914133', 'Barangay Bombongan', 'No', 'No', NULL, '2026-03-09 23:43:07', '2026-03-09 23:43:07', NULL),
('98', NULL, 'Ana', NULL, 'Dela Cruz', NULL, 'Female', '1996-04-10', NULL, 'Single', 'Catholic', 'Worker', 'Filipino', '09825289082', 'Barangay Bombongan', 'No', 'No', NULL, '2026-03-09 23:43:07', '2026-03-12 18:50:28', '2026-03-12 18:50:28'),
('99', NULL, 'Luis', NULL, 'Torres', NULL, 'Male', '1983-05-06', NULL, 'Single', 'Catholic', 'Worker', 'Filipino', '09767571727', 'Barangay Bombongan', 'No', 'No', NULL, '2026-03-09 23:43:07', '2026-03-09 23:43:07', NULL),
('100', NULL, 'Mark', NULL, 'Rizal', NULL, 'Male', '2007-03-20', NULL, 'Single', 'Catholic', 'Worker', 'Filipino', '09878235381', 'Barangay Bombongan', 'No', 'No', NULL, '2026-03-09 23:43:07', '2026-03-09 23:43:07', NULL);

-- Table: `term_history`
DROP TABLE IF EXISTS `term_history`;
CREATE TABLE `term_history` (
  `id` int NOT NULL AUTO_INCREMENT,
  `officer_id` int unsigned NOT NULL,
  `user_id` int NOT NULL,
  `action_type` enum('term_started','term_ended','term_updated','status_changed','position_changed','archived','restored') NOT NULL,
  `old_position` varchar(150) DEFAULT NULL,
  `new_position` varchar(150) DEFAULT NULL,
  `old_term_start` date DEFAULT NULL,
  `new_term_start` date DEFAULT NULL,
  `old_term_end` date DEFAULT NULL,
  `new_term_end` date DEFAULT NULL,
  `old_status` varchar(50) DEFAULT NULL,
  `new_status` varchar(50) DEFAULT NULL,
  `user_name` varchar(255) NOT NULL,
  `notes` text,
  `created_at` timestamp NULL DEFAULT CURRENT_TIMESTAMP,
  PRIMARY KEY (`id`),
  KEY `idx_officer_id` (`officer_id`),
  KEY `idx_user_id` (`user_id`),
  KEY `idx_action_type` (`action_type`),
  KEY `idx_created_at` (`created_at`),
  CONSTRAINT `term_history_ibfk_1` FOREIGN KEY (`officer_id`) REFERENCES `officers` (`id`) ON DELETE CASCADE,
  CONSTRAINT `term_history_ibfk_2` FOREIGN KEY (`user_id`) REFERENCES `users` (`id`) ON DELETE RESTRICT
) ENGINE=InnoDB DEFAULT CHARSET=utf8mb4 COLLATE=utf8mb4_0900_ai_ci;

-- Table: `users`
DROP TABLE IF EXISTS `users`;
CREATE TABLE `users` (
  `id` int NOT NULL AUTO_INCREMENT,
  `username` varchar(255) NOT NULL,
  `name` varchar(255) NOT NULL,
  `role` varchar(244) NOT NULL,
  `position` varchar(150) DEFAULT NULL,
  `status` varchar(50) NOT NULL DEFAULT 'active',
  `password` varchar(255) NOT NULL,
  `profile_picture` varchar(255) DEFAULT NULL,
  `created_at` timestamp NULL DEFAULT CURRENT_TIMESTAMP,
  `updated_at` timestamp NULL DEFAULT CURRENT_TIMESTAMP ON UPDATE CURRENT_TIMESTAMP,
  PRIMARY KEY (`id`)
) ENGINE=InnoDB AUTO_INCREMENT=6 DEFAULT CHARSET=utf8mb4 COLLATE=utf8mb4_0900_ai_ci;

INSERT INTO `users` VALUES
('1', 'Ersel', 'Ersel Magbanua', 'secretary', NULL, 'active', '$2y$10$Yk62GgYQWT1RC6CkpT/lJuajV7gT6X9Y8alz0UBULpXp2mc6oO/se', NULL, '2026-03-09 23:40:51', '2026-03-09 23:40:51'),
('2', 'Ana', 'Ana Reyes', 'secretary', NULL, 'active', '$2y$10$Yk62GgYQWT1RC6CkpT/lJuajV7gT6X9Y8alz0UBULpXp2mc6oO/se', NULL, '2026-03-09 23:40:51', '2026-03-09 23:40:51'),
('3', 'Juan', 'Juan Dela Cruz', 'captain', NULL, 'active', '$2y$10$Yk62GgYQWT1RC6CkpT/lJuajV7gT6X9Y8alz0UBULpXp2mc6oO/se', NULL, '2026-03-09 23:40:51', '2026-03-09 23:40:51'),
('4', 'Pedro', 'Pedro Santos', 'kagawad', NULL, 'active', '$2y$10$Yk62GgYQWT1RC6CkpT/lJuajV7gT6X9Y8alz0UBULpXp2mc6oO/se', NULL, '2026-03-09 23:40:51', '2026-03-09 23:40:51'),
('5', 'Maria', 'Maria Clara', 'hcnurse', NULL, 'active', '$2y$10$Yk62GgYQWT1RC6CkpT/lJuajV7gT6X9Y8alz0UBULpXp2mc6oO/se', NULL, '2026-03-09 23:40:51', '2026-03-09 23:40:51');

SET FOREIGN_KEY_CHECKS=1;
